,image,head_pose,drowsiness,emotion,label,result1
0,../input/studentengagement/Student-engagement-dataset/Not engaged/bored/0375.jpg,1,Drowsy!!,Frustrated,0,Not Engaged
1,../input/studentengagement/Student-engagement-dataset/Not engaged/bored/0285.jpg,0,Drowsy!!,Bored,0,Not Engaged
2,../input/studentengagement/Student-engagement-dataset/Not engaged/bored/0074.jpg,0,Drowsy!!,Bored,0,Not Engaged
3,../input/studentengagement/Student-engagement-dataset/Not engaged/bored/0077.jpg,0,Active!!,Frustrated,0.25,Not Engaged
4,../input/studentengagement/Student-engagement-dataset/Not engaged/bored/0498.jpg,0,Drowsy!!,Bored,0,Not Engaged
5,../input/studentengagement/Student-engagement-dataset/Not engaged/bored/0426.jpg,0,Active!!,Frustrated,0.25,Not Engaged
6,../input/studentengagement/Student-engagement-dataset/Not engaged/bored/0235.jpg,0,Active!!,Frustrated,0.25,Not Engaged
7,../input/studentengagement/Student-engagement-dataset/Not engaged/bored/0444.jpg,0,Active!!,Frustrated,0.25,Not Engaged
8,../input/studentengagement/Student-engagement-dataset/Not engaged/bored/0255.jpg,,Drowsy!!,Bored,0,Not Engaged
9,../input/studentengagement/Student-engagement-dataset/Not engaged/bored/0128.jpg,0,Active!!,Frustrated,0.25,Not Engaged
10,../input/studentengagement/Student-engagement-dataset/Not engaged/bored/0364.jpg,1,Drowsy!!,Frustrated,0,Not Engaged
11,../input/studentengagement/Student-engagement-dataset/Not engaged/bored/0246.jpg,,Drowsy!!,Confused,0,Not Engaged
12,../input/studentengagement/Student-engagement-dataset/Not engaged/bored/0337.jpg,1,Active!!,Frustrated,0.4,Not Engaged
13,../input/studentengagement/Student-engagement-dataset/Not engaged/bored/0208.jpg,0,Active!!,Frustrated,0.25,Not Engaged
14,../input/studentengagement/Student-engagement-dataset/Not engaged/bored/0474.jpg,,Drowsy!!,Confused,0,Not Engaged
15,../input/studentengagement/Student-engagement-dataset/Not engaged/bored/0372.jpg,1,Drowsy!!,Frustrated,0,Not Engaged
16,../input/studentengagement/Student-engagement-dataset/Not engaged/bored/0327.jpg,0,Active!!,Frustrated,0.25,Not Engaged
17,../input/studentengagement/Student-engagement-dataset/Not engaged/bored/0165.jpg,0,Active!!,Frustrated,0.25,Not Engaged
18,../input/studentengagement/Student-engagement-dataset/Not engaged/bored/0355.jpg,0,Drowsy!!,Bored,0,Not Engaged
19,../input/studentengagement/Student-engagement-dataset/Not engaged/bored/0203.jpg,0,Active!!,Frustrated,0.25,Not Engaged
20,../input/studentengagement/Student-engagement-dataset/Not engaged/bored/0070.jpg,0,Drowsy!!,Bored,0,Not Engaged
21,../input/studentengagement/Student-engagement-dataset/Not engaged/bored/0436.jpg,0,Active!!,Frustrated,0.25,Not Engaged
22,../input/studentengagement/Student-engagement-dataset/Not engaged/bored/0155.jpg,0,Active!!,Frustrated,0.25,Not Engaged
23,../input/studentengagement/Student-engagement-dataset/Not engaged/bored/0092.jpg,0,Drowsy!!,Frustrated,0,Not Engaged
24,../input/studentengagement/Student-engagement-dataset/Not engaged/bored/0450.jpg,0,Active!!,Frustrated,0.25,Not Engaged
25,../input/studentengagement/Student-engagement-dataset/Not engaged/bored/0240.jpg,1,Active!!,Frustrated,0.4,Not Engaged
26,../input/studentengagement/Student-engagement-dataset/Not engaged/bored/0078.jpg,0,Active!!,Frustrated,0.25,Not Engaged
27,../input/studentengagement/Student-engagement-dataset/Not engaged/bored/0091.jpg,0,Drowsy!!,Bored,0,Not Engaged
28,../input/studentengagement/Student-engagement-dataset/Not engaged/bored/0171.jpg,0,Active!!,Frustrated,0.25,Not Engaged
29,../input/studentengagement/Student-engagement-dataset/Not engaged/bored/0410.jpg,0,Active!!,Frustrated,0.25,Not Engaged
30,../input/studentengagement/Student-engagement-dataset/Not engaged/bored/0019.jpg,0,Drowsy!!,Bored,0,Not Engaged
31,../input/studentengagement/Student-engagement-dataset/Not engaged/bored/0154.jpg,0,Active!!,Frustrated,0.25,Not Engaged
32,../input/studentengagement/Student-engagement-dataset/Not engaged/bored/0429.jpg,0,Active!!,Frustrated,0.25,Not Engaged
33,../input/studentengagement/Student-engagement-dataset/Not engaged/bored/0116.jpg,0,Drowsy!!,Bored,0,Not Engaged
34,../input/studentengagement/Student-engagement-dataset/Not engaged/bored/0431.jpg,0,Active!!,Frustrated,0.25,Not Engaged
35,../input/studentengagement/Student-engagement-dataset/Not engaged/bored/0082.jpg,0,Active!!,Frustrated,0.25,Not Engaged
36,../input/studentengagement/Student-engagement-dataset/Not engaged/bored/0207.jpg,0,Active!!,Frustrated,0.25,Not Engaged
37,../input/studentengagement/Student-engagement-dataset/Not engaged/bored/0076.jpg,0,Drowsy!!,Bored,0,Not Engaged
38,../input/studentengagement/Student-engagement-dataset/Not engaged/bored/0175.jpg,0,Active!!,Frustrated,0.25,Not Engaged
39,../input/studentengagement/Student-engagement-dataset/Not engaged/bored/0331.jpg,0,Active!!,Frustrated,0.25,Not Engaged
40,../input/studentengagement/Student-engagement-dataset/Not engaged/bored/0021.jpg,0,Active!!,Frustrated,0.25,Not Engaged
41,../input/studentengagement/Student-engagement-dataset/Not engaged/bored/0145.jpg,0,Drowsy!!,Bored,0,Not Engaged
42,../input/studentengagement/Student-engagement-dataset/Not engaged/bored/0252.jpg,,Drowsy!!,Bored,0,Not Engaged
43,../input/studentengagement/Student-engagement-dataset/Not engaged/bored/0302.jpg,0,Active!!,Frustrated,0.25,Not Engaged
44,../input/studentengagement/Student-engagement-dataset/Not engaged/bored/0500.jpg,0,Drowsy!!,Bored,0,Not Engaged
45,../input/studentengagement/Student-engagement-dataset/Not engaged/bored/0079.jpg,0,Active!!,Frustrated,0.25,Not Engaged
46,../input/studentengagement/Student-engagement-dataset/Not engaged/bored/0490.jpg,0,Active!!,Frustrated,0.25,Not Engaged
47,../input/studentengagement/Student-engagement-dataset/Not engaged/bored/0433.jpg,0,Active!!,Frustrated,0.25,Not Engaged
48,../input/studentengagement/Student-engagement-dataset/Not engaged/bored/0415.jpg,0,Active!!,Frustrated,0.25,Not Engaged
49,../input/studentengagement/Student-engagement-dataset/Not engaged/bored/0094.jpg,0,Drowsy!!,Frustrated,0,Not Engaged
50,../input/studentengagement/Student-engagement-dataset/Not engaged/bored/0289.jpg,0,Drowsy!!,Bored,0,Not Engaged
51,../input/studentengagement/Student-engagement-dataset/Not engaged/bored/0387.jpg,1,Drowsy!!,Frustrated,0,Not Engaged
52,../input/studentengagement/Student-engagement-dataset/Not engaged/bored/0132.jpg,0,Active!!,Frustrated,0.25,Not Engaged
53,../input/studentengagement/Student-engagement-dataset/Not engaged/bored/0380.jpg,1,Drowsy!!,Frustrated,0,Not Engaged
54,../input/studentengagement/Student-engagement-dataset/Not engaged/bored/0386.jpg,1,Drowsy!!,Frustrated,0,Not Engaged
55,../input/studentengagement/Student-engagement-dataset/Not engaged/bored/0369.jpg,1,Drowsy!!,Frustrated,0,Not Engaged
56,../input/studentengagement/Student-engagement-dataset/Not engaged/bored/0439.jpg,0,Active!!,Frustrated,0.25,Not Engaged
57,../input/studentengagement/Student-engagement-dataset/Not engaged/bored/0247.jpg,,Drowsy!!,Frustrated,0,Not Engaged
58,../input/studentengagement/Student-engagement-dataset/Not engaged/bored/0423.jpg,0,Active!!,Frustrated,0.25,Not Engaged
59,../input/studentengagement/Student-engagement-dataset/Not engaged/bored/0475.jpg,,Drowsy!!,Confused,0,Not Engaged
60,../input/studentengagement/Student-engagement-dataset/Not engaged/bored/0424.jpg,0,Active!!,Frustrated,0.25,Not Engaged
61,../input/studentengagement/Student-engagement-dataset/Not engaged/bored/0226.jpg,0,Active!!,Frustrated,0.25,Not Engaged
62,../input/studentengagement/Student-engagement-dataset/Not engaged/bored/0282.jpg,0,Drowsy!!,Bored,0,Not Engaged
63,../input/studentengagement/Student-engagement-dataset/Not engaged/bored/0432.jpg,0,Active!!,Frustrated,0.25,Not Engaged
64,../input/studentengagement/Student-engagement-dataset/Not engaged/bored/0438.jpg,0,Active!!,Frustrated,0.25,Not Engaged
65,../input/studentengagement/Student-engagement-dataset/Not engaged/bored/0279.jpg,0,Drowsy!!,Bored,0,Not Engaged
66,../input/studentengagement/Student-engagement-dataset/Not engaged/bored/0146.jpg,0,Drowsy!!,Bored,0,Not Engaged
67,../input/studentengagement/Student-engagement-dataset/Not engaged/bored/0237.jpg,0,Active!!,Frustrated,0.25,Not Engaged
68,../input/studentengagement/Student-engagement-dataset/Not engaged/bored/0268.jpg,,Drowsy!!,Bored,0,Not Engaged
69,../input/studentengagement/Student-engagement-dataset/Not engaged/bored/0377.jpg,1,Drowsy!!,Frustrated,0,Not Engaged
70,../input/studentengagement/Student-engagement-dataset/Not engaged/bored/0292.jpg,0,Drowsy!!,Bored,0,Not Engaged
71,../input/studentengagement/Student-engagement-dataset/Not engaged/bored/0238.jpg,0,Active!!,Frustrated,0.25,Not Engaged
72,../input/studentengagement/Student-engagement-dataset/Not engaged/bored/0290.jpg,0,Drowsy!!,Bored,0,Not Engaged
73,../input/studentengagement/Student-engagement-dataset/Not engaged/bored/0031.jpg,0,Active!!,Frustrated,0.25,Not Engaged
74,../input/studentengagement/Student-engagement-dataset/Not engaged/bored/0093.jpg,0,Drowsy!!,Bored,0,Not Engaged
75,../input/studentengagement/Student-engagement-dataset/Not engaged/bored/0214.jpg,0,Active!!,Frustrated,0.25,Not Engaged
76,../input/studentengagement/Student-engagement-dataset/Not engaged/bored/0454.jpg,0,Active!!,Frustrated,0.25,Not Engaged
77,../input/studentengagement/Student-engagement-dataset/Not engaged/bored/0169.jpg,0,Active!!,Frustrated,0.25,Not Engaged
78,../input/studentengagement/Student-engagement-dataset/Not engaged/bored/0495.jpg,0,Drowsy!!,Frustrated,0,Not Engaged
79,../input/studentengagement/Student-engagement-dataset/Not engaged/bored/0421.jpg,0,Active!!,Frustrated,0.25,Not Engaged
80,../input/studentengagement/Student-engagement-dataset/Not engaged/bored/0068.jpg,0,Drowsy!!,Bored,0,Not Engaged
81,../input/studentengagement/Student-engagement-dataset/Not engaged/bored/0228.jpg,0,Active!!,Frustrated,0.25,Not Engaged
82,../input/studentengagement/Student-engagement-dataset/Not engaged/bored/0032.jpg,0,Active!!,Frustrated,0.25,Not Engaged
83,../input/studentengagement/Student-engagement-dataset/Not engaged/bored/0300.jpg,0,Active!!,Frustrated,0.25,Not Engaged
84,../input/studentengagement/Student-engagement-dataset/Not engaged/bored/0478.jpg,0,Active!!,Frustrated,0.25,Not Engaged
85,../input/studentengagement/Student-engagement-dataset/Not engaged/bored/0261.jpg,0,Active!!,Frustrated,0.25,Not Engaged
86,../input/studentengagement/Student-engagement-dataset/Not engaged/bored/0457.jpg,0,Active!!,Frustrated,0.25,Not Engaged
87,../input/studentengagement/Student-engagement-dataset/Not engaged/bored/0455.jpg,0,Active!!,Frustrated,0.25,Not Engaged
88,../input/studentengagement/Student-engagement-dataset/Not engaged/bored/0370.jpg,1,Drowsy!!,Frustrated,0,Not Engaged
89,../input/studentengagement/Student-engagement-dataset/Not engaged/bored/0350.jpg,0,Drowsy!!,Bored,0,Not Engaged
90,../input/studentengagement/Student-engagement-dataset/Not engaged/bored/0351.jpg,0,Drowsy!!,Bored,0,Not Engaged
91,../input/studentengagement/Student-engagement-dataset/Not engaged/bored/0345.jpg,0,Drowsy!!,Frustrated,0,Not Engaged
92,../input/studentengagement/Student-engagement-dataset/Not engaged/bored/0440.jpg,0,Active!!,Frustrated,0.25,Not Engaged
93,../input/studentengagement/Student-engagement-dataset/Not engaged/bored/0376.jpg,1,Drowsy!!,Frustrated,0,Not Engaged
94,../input/studentengagement/Student-engagement-dataset/Not engaged/bored/0117.jpg,0,Drowsy!!,Bored,0,Not Engaged
95,../input/studentengagement/Student-engagement-dataset/Not engaged/bored/0250.jpg,,Drowsy!!,Bored,0,Not Engaged
96,../input/studentengagement/Student-engagement-dataset/Not engaged/bored/0435.jpg,0,Active!!,Frustrated,0.25,Not Engaged
97,../input/studentengagement/Student-engagement-dataset/Not engaged/bored/0002.jpg,0,Drowsy!!,Bored,0,Not Engaged
98,../input/studentengagement/Student-engagement-dataset/Not engaged/bored/0018.jpg,0,Drowsy!!,Bored,0,Not Engaged
99,../input/studentengagement/Student-engagement-dataset/Not engaged/bored/0348.jpg,0,Drowsy!!,Bored,0,Not Engaged
100,../input/studentengagement/Student-engagement-dataset/Not engaged/bored/0493.jpg,0,Active!!,Frustrated,0.25,Not Engaged
101,../input/studentengagement/Student-engagement-dataset/Not engaged/bored/0347.jpg,0,Drowsy!!,Bored,0,Not Engaged
102,../input/studentengagement/Student-engagement-dataset/Not engaged/bored/0442.jpg,0,Active!!,Frustrated,0.25,Not Engaged
103,../input/studentengagement/Student-engagement-dataset/Not engaged/bored/0381.jpg,1,Drowsy!!,Frustrated,0,Not Engaged
104,../input/studentengagement/Student-engagement-dataset/Not engaged/bored/0476.jpg,,Drowsy!!,Frustrated,0,Not Engaged
105,../input/studentengagement/Student-engagement-dataset/Not engaged/bored/0089.jpg,0,Active!!,Frustrated,0.25,Not Engaged
106,../input/studentengagement/Student-engagement-dataset/Not engaged/bored/0017.jpg,0,Drowsy!!,Bored,0,Not Engaged
107,../input/studentengagement/Student-engagement-dataset/Not engaged/bored/0003.jpg,0,Drowsy!!,Bored,0,Not Engaged
108,../input/studentengagement/Student-engagement-dataset/Not engaged/bored/0147.jpg,0,Drowsy!!,Bored,0,Not Engaged
109,../input/studentengagement/Student-engagement-dataset/Not engaged/bored/0413.jpg,0,Active!!,Frustrated,0.25,Not Engaged
110,../input/studentengagement/Student-engagement-dataset/Not engaged/bored/0333.jpg,0,Active!!,Frustrated,0.25,Not Engaged
111,../input/studentengagement/Student-engagement-dataset/Not engaged/bored/0497.jpg,0,Drowsy!!,Bored,0,Not Engaged
112,../input/studentengagement/Student-engagement-dataset/Not engaged/bored/0213.jpg,0,Active!!,Frustrated,0.25,Not Engaged
113,../input/studentengagement/Student-engagement-dataset/Not engaged/bored/0452.jpg,0,Active!!,Frustrated,0.25,Not Engaged
114,../input/studentengagement/Student-engagement-dataset/Not engaged/bored/0258.jpg,,Drowsy!!,Frustrated,0,Not Engaged
115,../input/studentengagement/Student-engagement-dataset/Not engaged/bored/0416.jpg,0,Active!!,Frustrated,0.25,Not Engaged
116,../input/studentengagement/Student-engagement-dataset/Not engaged/bored/0259.jpg,,Drowsy!!,Frustrated,0,Not Engaged
117,../input/studentengagement/Student-engagement-dataset/Not engaged/bored/0422.jpg,0,Active!!,Frustrated,0.25,Not Engaged
118,../input/studentengagement/Student-engagement-dataset/Not engaged/bored/0465.jpg,0,Active!!,Frustrated,0.25,Not Engaged
119,../input/studentengagement/Student-engagement-dataset/Not engaged/bored/0460.jpg,0,Active!!,Frustrated,0.25,Not Engaged
120,../input/studentengagement/Student-engagement-dataset/Not engaged/bored/0341.jpg,0,Active!!,Frustrated,0.25,Not Engaged
121,../input/studentengagement/Student-engagement-dataset/Not engaged/bored/0441.jpg,0,Active!!,Frustrated,0.25,Not Engaged
122,../input/studentengagement/Student-engagement-dataset/Not engaged/bored/0120.jpg,0,Active!!,Frustrated,0.25,Not Engaged
123,../input/studentengagement/Student-engagement-dataset/Not engaged/bored/0209.jpg,0,Active!!,Frustrated,0.25,Not Engaged
124,../input/studentengagement/Student-engagement-dataset/Not engaged/bored/0119.jpg,0,Active!!,Frustrated,0.25,Not Engaged
125,../input/studentengagement/Student-engagement-dataset/Not engaged/bored/0362.jpg,1,Drowsy!!,Frustrated,0,Not Engaged
126,../input/studentengagement/Student-engagement-dataset/Not engaged/bored/0131.jpg,1,Active!!,Frustrated,0.4,Not Engaged
127,../input/studentengagement/Student-engagement-dataset/Not engaged/bored/0334.jpg,0,Active!!,Frustrated,0.25,Not Engaged
128,../input/studentengagement/Student-engagement-dataset/Not engaged/bored/0349.jpg,0,Drowsy!!,Bored,0,Not Engaged
129,../input/studentengagement/Student-engagement-dataset/Not engaged/bored/0260.jpg,0,Active!!,Frustrated,0.25,Not Engaged
130,../input/studentengagement/Student-engagement-dataset/Not engaged/bored/0022.jpg,0,Active!!,Frustrated,0.25,Not Engaged
131,../input/studentengagement/Student-engagement-dataset/Not engaged/bored/0264.jpg,1,Active!!,Frustrated,0.4,Not Engaged
132,../input/studentengagement/Student-engagement-dataset/Not engaged/bored/0456.jpg,0,Active!!,Frustrated,0.25,Not Engaged
133,../input/studentengagement/Student-engagement-dataset/Not engaged/bored/0434.jpg,0,Active!!,Frustrated,0.25,Not Engaged
134,../input/studentengagement/Student-engagement-dataset/Not engaged/bored/0151.jpg,0,Drowsy!!,Bored,0,Not Engaged
135,../input/studentengagement/Student-engagement-dataset/Not engaged/bored/0468.jpg,0,Drowsy!!,Bored,0,Not Engaged
136,../input/studentengagement/Student-engagement-dataset/Not engaged/bored/0363.jpg,1,Drowsy!!,Frustrated,0,Not Engaged
137,../input/studentengagement/Student-engagement-dataset/Not engaged/bored/0020.jpg,0,Drowsy!!,Bored,0,Not Engaged
138,../input/studentengagement/Student-engagement-dataset/Not engaged/bored/0232.jpg,0,Active!!,Frustrated,0.25,Not Engaged
139,../input/studentengagement/Student-engagement-dataset/Not engaged/bored/0266.jpg,0,Drowsy!!,Frustrated,0,Not Engaged
140,../input/studentengagement/Student-engagement-dataset/Not engaged/bored/0262.jpg,0,Active!!,Frustrated,0.25,Not Engaged
141,../input/studentengagement/Student-engagement-dataset/Not engaged/bored/0126.jpg,0,Active!!,Frustrated,0.25,Not Engaged
142,../input/studentengagement/Student-engagement-dataset/Not engaged/bored/0075.jpg,0,Drowsy!!,Bored,0,Not Engaged
143,../input/studentengagement/Student-engagement-dataset/Not engaged/bored/0073.jpg,0,Drowsy!!,Bored,0,Not Engaged
144,../input/studentengagement/Student-engagement-dataset/Not engaged/bored/0480.jpg,0,Active!!,Frustrated,0.25,Not Engaged
145,../input/studentengagement/Student-engagement-dataset/Not engaged/bored/0489.jpg,0,Active!!,Frustrated,0.25,Not Engaged
146,../input/studentengagement/Student-engagement-dataset/Not engaged/bored/0125.jpg,0,Active!!,Frustrated,0.25,Not Engaged
147,../input/studentengagement/Student-engagement-dataset/Not engaged/bored/0121.jpg,0,Active!!,Frustrated,0.25,Not Engaged
148,../input/studentengagement/Student-engagement-dataset/Not engaged/bored/0243.jpg,,Drowsy!!,Confused,0,Not Engaged
149,../input/studentengagement/Student-engagement-dataset/Not engaged/bored/0338.jpg,0,Active!!,Frustrated,0.25,Not Engaged
150,../input/studentengagement/Student-engagement-dataset/Not engaged/bored/0299.jpg,0,Active!!,Frustrated,0.25,Not Engaged
151,../input/studentengagement/Student-engagement-dataset/Not engaged/bored/0354.jpg,0,Drowsy!!,Bored,0,Not Engaged
152,../input/studentengagement/Student-engagement-dataset/Not engaged/bored/0172.jpg,0,Active!!,Frustrated,0.25,Not Engaged
153,../input/studentengagement/Student-engagement-dataset/Not engaged/bored/0409.jpg,0,Active!!,Frustrated,0.25,Not Engaged
154,../input/studentengagement/Student-engagement-dataset/Not engaged/bored/0083.jpg,1,Active!!,Frustrated,0.4,Not Engaged
155,../input/studentengagement/Student-engagement-dataset/Not engaged/bored/0144.jpg,0,Drowsy!!,Bored,0,Not Engaged
156,../input/studentengagement/Student-engagement-dataset/Not engaged/bored/0486.jpg,0,Active!!,Frustrated,0.25,Not Engaged
157,../input/studentengagement/Student-engagement-dataset/Not engaged/bored/0158.jpg,0,Active!!,Frustrated,0.25,Not Engaged
158,../input/studentengagement/Student-engagement-dataset/Not engaged/bored/0470.jpg,0,Drowsy!!,Bored,0,Not Engaged
159,../input/studentengagement/Student-engagement-dataset/Not engaged/bored/0295.jpg,0,Active!!,Frustrated,0.25,Not Engaged
160,../input/studentengagement/Student-engagement-dataset/Not engaged/bored/0458.jpg,0,Active!!,Frustrated,0.25,Not Engaged
161,../input/studentengagement/Student-engagement-dataset/Not engaged/bored/0304.jpg,0,Active!!,Frustrated,0.25,Not Engaged
162,../input/studentengagement/Student-engagement-dataset/Not engaged/bored/0303.jpg,0,Active!!,Frustrated,0.25,Not Engaged
163,../input/studentengagement/Student-engagement-dataset/Not engaged/bored/0485.jpg,0,Active!!,Frustrated,0.25,Not Engaged
164,../input/studentengagement/Student-engagement-dataset/Not engaged/bored/0471.jpg,,Drowsy!!,Bored,0,Not Engaged
165,../input/studentengagement/Student-engagement-dataset/Not engaged/bored/0014.jpg,0,Drowsy!!,Bored,0,Not Engaged
166,../input/studentengagement/Student-engagement-dataset/Not engaged/bored/0088.jpg,0,Active!!,Frustrated,0.25,Not Engaged
167,../input/studentengagement/Student-engagement-dataset/Not engaged/bored/0227.jpg,0,Active!!,Frustrated,0.25,Not Engaged
168,../input/studentengagement/Student-engagement-dataset/Not engaged/bored/0352.jpg,0,Drowsy!!,Bored,0,Not Engaged
169,../input/studentengagement/Student-engagement-dataset/Not engaged/bored/0143.jpg,0,Drowsy!!,Bored,0,Not Engaged
170,../input/studentengagement/Student-engagement-dataset/Not engaged/bored/0148.jpg,0,Drowsy!!,Bored,0,Not Engaged
171,../input/studentengagement/Student-engagement-dataset/Not engaged/bored/0466.jpg,0,Active!!,Frustrated,0.25,Not Engaged
172,../input/studentengagement/Student-engagement-dataset/Not engaged/bored/0328.jpg,0,Active!!,Frustrated,0.25,Not Engaged
173,../input/studentengagement/Student-engagement-dataset/Not engaged/bored/0160.jpg,0,Active!!,Frustrated,0.25,Not Engaged
174,../input/studentengagement/Student-engagement-dataset/Not engaged/bored/0081.jpg,0,Active!!,Frustrated,0.25,Not Engaged
175,../input/studentengagement/Student-engagement-dataset/Not engaged/bored/0451.jpg,0,Active!!,Frustrated,0.25,Not Engaged
176,../input/studentengagement/Student-engagement-dataset/Not engaged/bored/0254.jpg,,Drowsy!!,Bored,0,Not Engaged
177,../input/studentengagement/Student-engagement-dataset/Not engaged/bored/0153.jpg,0,Active!!,Frustrated,0.25,Not Engaged
178,../input/studentengagement/Student-engagement-dataset/Not engaged/bored/0217.jpg,0,Active!!,Frustrated,0.25,Not Engaged
179,../input/studentengagement/Student-engagement-dataset/Not engaged/bored/0383.jpg,1,Active!!,Frustrated,0.4,Not Engaged
180,../input/studentengagement/Student-engagement-dataset/Not engaged/bored/0280.jpg,0,Drowsy!!,Bored,0,Not Engaged
181,../input/studentengagement/Student-engagement-dataset/Not engaged/bored/0477.jpg,0,Active!!,Frustrated,0.25,Not Engaged
182,../input/studentengagement/Student-engagement-dataset/Not engaged/bored/0407.jpg,0,Active!!,Frustrated,0.25,Not Engaged
183,../input/studentengagement/Student-engagement-dataset/Not engaged/bored/0447.jpg,0,Active!!,Frustrated,0.25,Not Engaged
184,../input/studentengagement/Student-engagement-dataset/Not engaged/bored/0219.jpg,0,Active!!,Frustrated,0.25,Not Engaged
185,../input/studentengagement/Student-engagement-dataset/Not engaged/bored/0159.jpg,0,Active!!,Frustrated,0.25,Not Engaged
186,../input/studentengagement/Student-engagement-dataset/Not engaged/bored/0080.jpg,0,Active!!,Frustrated,0.25,Not Engaged
187,../input/studentengagement/Student-engagement-dataset/Not engaged/bored/0204.jpg,0,Active!!,Frustrated,0.25,Not Engaged
188,../input/studentengagement/Student-engagement-dataset/Not engaged/bored/0161.jpg,0,Active!!,Frustrated,0.25,Not Engaged
189,../input/studentengagement/Student-engagement-dataset/Not engaged/bored/0242.jpg,,Drowsy!!,Confused,0,Not Engaged
190,../input/studentengagement/Student-engagement-dataset/Not engaged/bored/0216.jpg,0,Active!!,Frustrated,0.25,Not Engaged
191,../input/studentengagement/Student-engagement-dataset/Not engaged/bored/0473.jpg,,Drowsy!!,Frustrated,0,Not Engaged
192,../input/studentengagement/Student-engagement-dataset/Not engaged/bored/0221.jpg,0,Active!!,Frustrated,0.25,Not Engaged
193,../input/studentengagement/Student-engagement-dataset/Not engaged/bored/0484.jpg,0,Active!!,Frustrated,0.25,Not Engaged
194,../input/studentengagement/Student-engagement-dataset/Not engaged/bored/0015.jpg,0,Drowsy!!,Bored,0,Not Engaged
195,../input/studentengagement/Student-engagement-dataset/Not engaged/bored/0379.jpg,1,Drowsy!!,Frustrated,0,Not Engaged
196,../input/studentengagement/Student-engagement-dataset/Not engaged/bored/0353.jpg,0,Drowsy!!,Bored,0,Not Engaged
197,../input/studentengagement/Student-engagement-dataset/Not engaged/bored/0177.jpg,0,Active!!,Frustrated,0.25,Not Engaged
198,../input/studentengagement/Student-engagement-dataset/Not engaged/bored/0233.jpg,0,Active!!,Frustrated,0.25,Not Engaged
199,../input/studentengagement/Student-engagement-dataset/Not engaged/bored/0496.jpg,0,Drowsy!!,Bored,0,Not Engaged
200,../input/studentengagement/Student-engagement-dataset/Not engaged/bored/0430.jpg,0,Active!!,Frustrated,0.25,Not Engaged
201,../input/studentengagement/Student-engagement-dataset/Not engaged/bored/0367.jpg,1,Drowsy!!,Frustrated,0,Not Engaged
202,../input/studentengagement/Student-engagement-dataset/Not engaged/bored/0114.jpg,0,Drowsy!!,Bored,0,Not Engaged
203,../input/studentengagement/Student-engagement-dataset/Not engaged/bored/0366.jpg,1,Drowsy!!,Frustrated,0,Not Engaged
204,../input/studentengagement/Student-engagement-dataset/Not engaged/bored/0201.jpg,0,Active!!,Frustrated,0.25,Not Engaged
205,../input/studentengagement/Student-engagement-dataset/Not engaged/bored/0222.jpg,0,Active!!,Frustrated,0.25,Not Engaged
206,../input/studentengagement/Student-engagement-dataset/Not engaged/bored/0265.jpg,0,Drowsy!!,Frustrated,0,Not Engaged
207,../input/studentengagement/Student-engagement-dataset/Not engaged/bored/0037.jpg,0,Active!!,Frustrated,0.25,Not Engaged
208,../input/studentengagement/Student-engagement-dataset/Not engaged/bored/0294.jpg,0,Active!!,Frustrated,0.25,Not Engaged
209,../input/studentengagement/Student-engagement-dataset/Not engaged/bored/0166.jpg,0,Active!!,Frustrated,0.25,Not Engaged
210,../input/studentengagement/Student-engagement-dataset/Not engaged/bored/0162.jpg,0,Active!!,Frustrated,0.25,Not Engaged
211,../input/studentengagement/Student-engagement-dataset/Not engaged/bored/0130.jpg,0,Active!!,Frustrated,0.25,Not Engaged
212,../input/studentengagement/Student-engagement-dataset/Not engaged/bored/0461.jpg,0,Active!!,Frustrated,0.25,Not Engaged
213,../input/studentengagement/Student-engagement-dataset/Not engaged/bored/0373.jpg,1,Drowsy!!,Frustrated,0,Not Engaged
214,../input/studentengagement/Student-engagement-dataset/Not engaged/bored/0499.jpg,0,Drowsy!!,Frustrated,0,Not Engaged
215,../input/studentengagement/Student-engagement-dataset/Not engaged/bored/0251.jpg,,Drowsy!!,Bored,0,Not Engaged
216,../input/studentengagement/Student-engagement-dataset/Not engaged/bored/0346.jpg,0,Drowsy!!,Bored,0,Not Engaged
217,../input/studentengagement/Student-engagement-dataset/Not engaged/bored/0224.jpg,0,Active!!,Frustrated,0.25,Not Engaged
218,../input/studentengagement/Student-engagement-dataset/Not engaged/bored/0249.jpg,,Drowsy!!,Bored,0,Not Engaged
219,../input/studentengagement/Student-engagement-dataset/Not engaged/bored/0293.jpg,0,Active!!,Frustrated,0.25,Not Engaged
220,../input/studentengagement/Student-engagement-dataset/Not engaged/bored/0446.jpg,0,Active!!,Frustrated,0.25,Not Engaged
221,../input/studentengagement/Student-engagement-dataset/Not engaged/bored/0173.jpg,0,Active!!,Frustrated,0.25,Not Engaged
222,../input/studentengagement/Student-engagement-dataset/Not engaged/bored/0368.jpg,1,Drowsy!!,Frustrated,0,Not Engaged
223,../input/studentengagement/Student-engagement-dataset/Not engaged/bored/0157.jpg,0,Active!!,Frustrated,0.25,Not Engaged
224,../input/studentengagement/Student-engagement-dataset/Not engaged/bored/0296.jpg,0,Active!!,Frustrated,0.25,Not Engaged
225,../input/studentengagement/Student-engagement-dataset/Not engaged/bored/0163.jpg,0,Active!!,Frustrated,0.25,Not Engaged
226,../input/studentengagement/Student-engagement-dataset/Not engaged/bored/0472.jpg,,Drowsy!!,Frustrated,0,Not Engaged
227,../input/studentengagement/Student-engagement-dataset/Not engaged/bored/0417.jpg,0,Active!!,Frustrated,0.25,Not Engaged
228,../input/studentengagement/Student-engagement-dataset/Not engaged/bored/0459.jpg,0,Active!!,Frustrated,0.25,Not Engaged
229,../input/studentengagement/Student-engagement-dataset/Not engaged/bored/0449.jpg,0,Active!!,Frustrated,0.25,Not Engaged
230,../input/studentengagement/Student-engagement-dataset/Not engaged/bored/0035.jpg,0,Active!!,Frustrated,0.25,Not Engaged
231,../input/studentengagement/Student-engagement-dataset/Not engaged/bored/0479.jpg,0,Active!!,Frustrated,0.25,Not Engaged
232,../input/studentengagement/Student-engagement-dataset/Not engaged/bored/0164.jpg,0,Active!!,Frustrated,0.25,Not Engaged
233,../input/studentengagement/Student-engagement-dataset/Not engaged/bored/0419.jpg,0,Active!!,Frustrated,0.25,Not Engaged
234,../input/studentengagement/Student-engagement-dataset/Not engaged/bored/0287.jpg,0,Drowsy!!,Bored,0,Not Engaged
235,../input/studentengagement/Student-engagement-dataset/Not engaged/bored/0071.jpg,0,Drowsy!!,Bored,0,Not Engaged
236,../input/studentengagement/Student-engagement-dataset/Not engaged/bored/0118.jpg,0,Active!!,Frustrated,0.25,Not Engaged
237,../input/studentengagement/Student-engagement-dataset/Not engaged/bored/0244.jpg,,Drowsy!!,Confused,0,Not Engaged
238,../input/studentengagement/Student-engagement-dataset/Not engaged/bored/0361.jpg,1,Drowsy!!,Frustrated,0,Not Engaged
239,../input/studentengagement/Student-engagement-dataset/Not engaged/bored/0253.jpg,,Drowsy!!,Bored,0,Not Engaged
240,../input/studentengagement/Student-engagement-dataset/Not engaged/bored/0414.jpg,0,Active!!,Frustrated,0.25,Not Engaged
241,../input/studentengagement/Student-engagement-dataset/Not engaged/bored/0241.jpg,,Drowsy!!,Confused,0,Not Engaged
242,../input/studentengagement/Student-engagement-dataset/Not engaged/bored/0087.jpg,0,Active!!,Frustrated,0.25,Not Engaged
243,../input/studentengagement/Student-engagement-dataset/Not engaged/bored/0205.jpg,0,Active!!,Frustrated,0.25,Not Engaged
244,../input/studentengagement/Student-engagement-dataset/Not engaged/bored/0230.jpg,0,Active!!,Frustrated,0.25,Not Engaged
245,../input/studentengagement/Student-engagement-dataset/Not engaged/bored/0198.jpg,0,Active!!,Frustrated,0.25,Not Engaged
246,../input/studentengagement/Student-engagement-dataset/Not engaged/bored/0411.jpg,0,Active!!,Frustrated,0.25,Not Engaged
247,../input/studentengagement/Student-engagement-dataset/Not engaged/bored/0152.jpg,0,Active!!,Frustrated,0.25,Not Engaged
248,../input/studentengagement/Student-engagement-dataset/Not engaged/bored/0220.jpg,0,Active!!,Frustrated,0.25,Not Engaged
249,../input/studentengagement/Student-engagement-dataset/Not engaged/bored/0215.jpg,0,Active!!,Frustrated,0.25,Not Engaged
250,../input/studentengagement/Student-engagement-dataset/Not engaged/bored/0481.jpg,0,Active!!,Frustrated,0.25,Not Engaged
251,../input/studentengagement/Student-engagement-dataset/Not engaged/bored/0305.jpg,0,Active!!,Frustrated,0.25,Not Engaged
252,../input/studentengagement/Student-engagement-dataset/Not engaged/bored/0199.jpg,0,Active!!,Frustrated,0.25,Not Engaged
253,../input/studentengagement/Student-engagement-dataset/Not engaged/bored/0069.jpg,0,Drowsy!!,Bored,0,Not Engaged
254,../input/studentengagement/Student-engagement-dataset/Not engaged/bored/0256.jpg,,Drowsy!!,Frustrated,0,Not Engaged
255,../input/studentengagement/Student-engagement-dataset/Not engaged/bored/0326.jpg,0,Active!!,Frustrated,0.25,Not Engaged
256,../input/studentengagement/Student-engagement-dataset/Not engaged/bored/0218.jpg,0,Active!!,Frustrated,0.25,Not Engaged
257,../input/studentengagement/Student-engagement-dataset/Not engaged/bored/0332.jpg,0,Active!!,Frustrated,0.25,Not Engaged
258,../input/studentengagement/Student-engagement-dataset/Not engaged/bored/0033.jpg,0,Active!!,Frustrated,0.25,Not Engaged
259,../input/studentengagement/Student-engagement-dataset/Not engaged/bored/0340.jpg,0,Active!!,Frustrated,0.25,Not Engaged
260,../input/studentengagement/Student-engagement-dataset/Not engaged/bored/0491.jpg,0,Active!!,Frustrated,0.25,Not Engaged
261,../input/studentengagement/Student-engagement-dataset/Not engaged/bored/0356.jpg,0,Drowsy!!,Bored,0,Not Engaged
262,../input/studentengagement/Student-engagement-dataset/Not engaged/bored/0127.jpg,0,Active!!,Frustrated,0.25,Not Engaged
263,../input/studentengagement/Student-engagement-dataset/Not engaged/bored/0149.jpg,0,Drowsy!!,Bored,0,Not Engaged
264,../input/studentengagement/Student-engagement-dataset/Not engaged/bored/0174.jpg,0,Active!!,Frustrated,0.25,Not Engaged
265,../input/studentengagement/Student-engagement-dataset/Not engaged/bored/0463.jpg,0,Active!!,Frustrated,0.25,Not Engaged
266,../input/studentengagement/Student-engagement-dataset/Not engaged/bored/0034.jpg,0,Active!!,Frustrated,0.25,Not Engaged
267,../input/studentengagement/Student-engagement-dataset/Not engaged/bored/0257.jpg,,Drowsy!!,Frustrated,0,Not Engaged
268,../input/studentengagement/Student-engagement-dataset/Not engaged/bored/0072.jpg,0,Drowsy!!,Bored,0,Not Engaged
269,../input/studentengagement/Student-engagement-dataset/Not engaged/bored/0267.jpg,0,Drowsy!!,Frustrated,0,Not Engaged
270,../input/studentengagement/Student-engagement-dataset/Not engaged/bored/0359.jpg,0,Drowsy!!,Bored,0,Not Engaged
271,../input/studentengagement/Student-engagement-dataset/Not engaged/bored/0329.jpg,0,Active!!,Frustrated,0.25,Not Engaged
272,../input/studentengagement/Student-engagement-dataset/Not engaged/bored/0384.jpg,1,Drowsy!!,Frustrated,0,Not Engaged
273,../input/studentengagement/Student-engagement-dataset/Not engaged/bored/0301.jpg,0,Active!!,Frustrated,0.25,Not Engaged
274,../input/studentengagement/Student-engagement-dataset/Not engaged/bored/0365.jpg,1,Drowsy!!,Frustrated,0,Not Engaged
275,../input/studentengagement/Student-engagement-dataset/Not engaged/bored/0211.jpg,0,Active!!,Frustrated,0.25,Not Engaged
276,../input/studentengagement/Student-engagement-dataset/Not engaged/bored/0462.jpg,0,Active!!,Frustrated,0.25,Not Engaged
277,../input/studentengagement/Student-engagement-dataset/Not engaged/bored/0428.jpg,0,Active!!,Frustrated,0.25,Not Engaged
278,../input/studentengagement/Student-engagement-dataset/Not engaged/bored/0445.jpg,0,Active!!,Frustrated,0.25,Not Engaged
279,../input/studentengagement/Student-engagement-dataset/Not engaged/bored/0482.jpg,0,Active!!,Frustrated,0.25,Not Engaged
280,../input/studentengagement/Student-engagement-dataset/Not engaged/bored/0418.jpg,0,Active!!,Frustrated,0.25,Not Engaged
281,../input/studentengagement/Student-engagement-dataset/Not engaged/bored/0298.jpg,0,Active!!,Frustrated,0.25,Not Engaged
282,../input/studentengagement/Student-engagement-dataset/Not engaged/bored/0150.jpg,0,Drowsy!!,Bored,0,Not Engaged
283,../input/studentengagement/Student-engagement-dataset/Not engaged/bored/0085.jpg,0,Active!!,Frustrated,0.25,Not Engaged
284,../input/studentengagement/Student-engagement-dataset/Not engaged/bored/0123.jpg,0,Active!!,Frustrated,0.25,Not Engaged
285,../input/studentengagement/Student-engagement-dataset/Not engaged/bored/0488.jpg,0,Active!!,Frustrated,0.25,Not Engaged
286,../input/studentengagement/Student-engagement-dataset/Not engaged/bored/0385.jpg,1,Drowsy!!,Frustrated,0,Not Engaged
287,../input/studentengagement/Student-engagement-dataset/Not engaged/bored/0360.jpg,0,Drowsy!!,Bored,0,Not Engaged
288,../input/studentengagement/Student-engagement-dataset/Not engaged/bored/0336.jpg,0,Active!!,Frustrated,0.25,Not Engaged
289,../input/studentengagement/Student-engagement-dataset/Not engaged/bored/0427.jpg,0,Active!!,Frustrated,0.25,Not Engaged
290,../input/studentengagement/Student-engagement-dataset/Not engaged/bored/0090.jpg,0,Drowsy!!,Bored,0,Not Engaged
291,../input/studentengagement/Student-engagement-dataset/Not engaged/bored/0283.jpg,0,Drowsy!!,Bored,0,Not Engaged
292,../input/studentengagement/Student-engagement-dataset/Not engaged/bored/0231.jpg,0,Active!!,Frustrated,0.25,Not Engaged
293,../input/studentengagement/Student-engagement-dataset/Not engaged/bored/0420.jpg,0,Active!!,Frustrated,0.25,Not Engaged
294,../input/studentengagement/Student-engagement-dataset/Not engaged/bored/0464.jpg,0,Active!!,Frustrated,0.25,Not Engaged
295,../input/studentengagement/Student-engagement-dataset/Not engaged/bored/0343.jpg,0,Drowsy!!,Bored,0,Not Engaged
296,../input/studentengagement/Student-engagement-dataset/Not engaged/bored/0453.jpg,0,Active!!,Frustrated,0.25,Not Engaged
297,../input/studentengagement/Student-engagement-dataset/Not engaged/bored/0212.jpg,0,Active!!,Frustrated,0.25,Not Engaged
298,../input/studentengagement/Student-engagement-dataset/Not engaged/bored/0286.jpg,0,Drowsy!!,Bored,0,Not Engaged
299,../input/studentengagement/Student-engagement-dataset/Not engaged/bored/0248.jpg,,Drowsy!!,Frustrated,0,Not Engaged
300,../input/studentengagement/Student-engagement-dataset/Not engaged/bored/0342.jpg,0,Drowsy!!,Bored,0,Not Engaged
301,../input/studentengagement/Student-engagement-dataset/Not engaged/bored/0016.jpg,0,Drowsy!!,Bored,0,Not Engaged
302,../input/studentengagement/Student-engagement-dataset/Not engaged/bored/0225.jpg,0,Active!!,Frustrated,0.25,Not Engaged
303,../input/studentengagement/Student-engagement-dataset/Not engaged/bored/0156.jpg,0,Active!!,Frustrated,0.25,Not Engaged
304,../input/studentengagement/Student-engagement-dataset/Not engaged/bored/0084.jpg,0,Active!!,Frustrated,0.25,Not Engaged
305,../input/studentengagement/Student-engagement-dataset/Not engaged/bored/0374.jpg,1,Drowsy!!,Frustrated,0,Not Engaged
306,../input/studentengagement/Student-engagement-dataset/Not engaged/bored/0167.jpg,0,Active!!,Frustrated,0.25,Not Engaged
307,../input/studentengagement/Student-engagement-dataset/Not engaged/bored/0124.jpg,0,Active!!,Frustrated,0.25,Not Engaged
308,../input/studentengagement/Student-engagement-dataset/Not engaged/bored/0229.jpg,0,Active!!,Frustrated,0.25,Not Engaged
309,../input/studentengagement/Student-engagement-dataset/Not engaged/bored/0223.jpg,0,Active!!,Frustrated,0.25,Not Engaged
310,../input/studentengagement/Student-engagement-dataset/Not engaged/bored/0358.jpg,0,Drowsy!!,Bored,0,Not Engaged
311,../input/studentengagement/Student-engagement-dataset/Not engaged/bored/0382.jpg,1,Drowsy!!,Frustrated,0,Not Engaged
312,../input/studentengagement/Student-engagement-dataset/Not engaged/bored/0197.jpg,0,Active!!,Frustrated,0.25,Not Engaged
313,../input/studentengagement/Student-engagement-dataset/Not engaged/bored/0487.jpg,0,Active!!,Frustrated,0.25,Not Engaged
314,../input/studentengagement/Student-engagement-dataset/Not engaged/bored/0467.jpg,0,Drowsy!!,Bored,0,Not Engaged
315,../input/studentengagement/Student-engagement-dataset/Not engaged/bored/0038.jpg,0,Active!!,Frustrated,0.25,Not Engaged
316,../input/studentengagement/Student-engagement-dataset/Not engaged/bored/0325.jpg,0,Active!!,Frustrated,0.25,Not Engaged
317,../input/studentengagement/Student-engagement-dataset/Not engaged/bored/0344.jpg,0,Drowsy!!,Bored,0,Not Engaged
318,../input/studentengagement/Student-engagement-dataset/Not engaged/bored/0122.jpg,0,Active!!,Frustrated,0.25,Not Engaged
319,../input/studentengagement/Student-engagement-dataset/Not engaged/bored/0339.jpg,0,Active!!,Frustrated,0.25,Not Engaged
320,../input/studentengagement/Student-engagement-dataset/Not engaged/bored/0263.jpg,1,Active!!,Frustrated,0.4,Not Engaged
321,../input/studentengagement/Student-engagement-dataset/Not engaged/bored/0437.jpg,0,Active!!,Frustrated,0.25,Not Engaged
322,../input/studentengagement/Student-engagement-dataset/Not engaged/bored/0288.jpg,0,Drowsy!!,Bored,0,Not Engaged
323,../input/studentengagement/Student-engagement-dataset/Not engaged/bored/0036.jpg,0,Active!!,Frustrated,0.25,Not Engaged
324,../input/studentengagement/Student-engagement-dataset/Not engaged/bored/0129.jpg,0,Active!!,Frustrated,0.25,Not Engaged
325,../input/studentengagement/Student-engagement-dataset/Not engaged/bored/0039.jpg,0,Active!!,Frustrated,0.25,Not Engaged
326,../input/studentengagement/Student-engagement-dataset/Not engaged/bored/0297.jpg,0,Active!!,Frustrated,0.25,Not Engaged
327,../input/studentengagement/Student-engagement-dataset/Not engaged/bored/0236.jpg,0,Active!!,Frustrated,0.25,Not Engaged
328,../input/studentengagement/Student-engagement-dataset/Not engaged/bored/0378.jpg,1,Drowsy!!,Frustrated,0,Not Engaged
329,../input/studentengagement/Student-engagement-dataset/Not engaged/bored/0291.jpg,0,Drowsy!!,Bored,0,Not Engaged
330,../input/studentengagement/Student-engagement-dataset/Not engaged/bored/0234.jpg,0,Active!!,Frustrated,0.25,Not Engaged
331,../input/studentengagement/Student-engagement-dataset/Not engaged/bored/0408.jpg,0,Active!!,Frustrated,0.25,Not Engaged
332,../input/studentengagement/Student-engagement-dataset/Not engaged/bored/0412.jpg,0,Active!!,Frustrated,0.25,Not Engaged
333,../input/studentengagement/Student-engagement-dataset/Not engaged/bored/0425.jpg,0,Active!!,Frustrated,0.25,Not Engaged
334,../input/studentengagement/Student-engagement-dataset/Not engaged/bored/0335.jpg,0,Active!!,Frustrated,0.25,Not Engaged
335,../input/studentengagement/Student-engagement-dataset/Not engaged/bored/0281.jpg,0,Drowsy!!,Bored,0,Not Engaged
336,../input/studentengagement/Student-engagement-dataset/Not engaged/bored/0206.jpg,0,Active!!,Frustrated,0.25,Not Engaged
337,../input/studentengagement/Student-engagement-dataset/Not engaged/bored/0284.jpg,0,Drowsy!!,Bored,0,Not Engaged
338,../input/studentengagement/Student-engagement-dataset/Not engaged/bored/0245.jpg,,Drowsy!!,Confused,0,Not Engaged
339,../input/studentengagement/Student-engagement-dataset/Not engaged/bored/0469.jpg,0,Drowsy!!,Bored,0,Not Engaged
340,../input/studentengagement/Student-engagement-dataset/Not engaged/bored/0210.jpg,0,Active!!,Frustrated,0.25,Not Engaged
341,../input/studentengagement/Student-engagement-dataset/Not engaged/bored/0483.jpg,0,Active!!,Frustrated,0.25,Not Engaged
342,../input/studentengagement/Student-engagement-dataset/Not engaged/bored/0239.jpg,0,Active!!,Frustrated,0.25,Not Engaged
343,../input/studentengagement/Student-engagement-dataset/Not engaged/bored/0448.jpg,0,Active!!,Frustrated,0.25,Not Engaged
344,../input/studentengagement/Student-engagement-dataset/Not engaged/bored/0330.jpg,0,Active!!,Frustrated,0.25,Not Engaged
345,../input/studentengagement/Student-engagement-dataset/Not engaged/bored/0202.jpg,0,Active!!,Frustrated,0.25,Not Engaged
346,../input/studentengagement/Student-engagement-dataset/Not engaged/bored/0168.jpg,0,Active!!,Frustrated,0.25,Not Engaged
347,../input/studentengagement/Student-engagement-dataset/Not engaged/bored/0115.jpg,0,Drowsy!!,Bored,0,Not Engaged
348,../input/studentengagement/Student-engagement-dataset/Not engaged/bored/0086.jpg,0,Active!!,Frustrated,0.25,Not Engaged
349,../input/studentengagement/Student-engagement-dataset/Not engaged/bored/0357.jpg,0,Drowsy!!,Bored,0,Not Engaged
350,../input/studentengagement/Student-engagement-dataset/Not engaged/bored/0170.jpg,0,Active!!,Frustrated,0.25,Not Engaged
351,../input/studentengagement/Student-engagement-dataset/Not engaged/bored/0200.jpg,0,Active!!,Frustrated,0.25,Not Engaged
352,../input/studentengagement/Student-engagement-dataset/Not engaged/bored/0371.jpg,1,Active!!,Frustrated,0.4,Not Engaged
353,../input/studentengagement/Student-engagement-dataset/Not engaged/bored/0494.jpg,0,Active!!,Frustrated,0.25,Not Engaged
354,../input/studentengagement/Student-engagement-dataset/Not engaged/bored/0443.jpg,0,Active!!,Frustrated,0.25,Not Engaged
355,../input/studentengagement/Student-engagement-dataset/Not engaged/bored/0001.jpg,0,Active!!,Frustrated,0.25,Not Engaged
356,../input/studentengagement/Student-engagement-dataset/Not engaged/bored/0492.jpg,0,Active!!,Frustrated,0.25,Not Engaged
357,../input/studentengagement/Student-engagement-dataset/Not engaged/bored/0176.jpg,0,Active!!,Frustrated,0.25,Not Engaged
