,image,head_pose,drowsiness,emotion,label,result1
0,../input/studentengagement/Student-engagement-dataset/Not engaged/drowsy/0106.jpg,0.0,Drowsy!!,Bored,0.0,Not Engaged
1,../input/studentengagement/Student-engagement-dataset/Not engaged/drowsy/0074.jpg,0.0,Drowsy!!,Bored,0.0,Not Engaged
2,../input/studentengagement/Student-engagement-dataset/Not engaged/drowsy/0077.jpg,0.0,Drowsy!!,Bored,0.0,Not Engaged
3,../input/studentengagement/Student-engagement-dataset/Not engaged/drowsy/0235.jpg,,Drowsy!!,Bored,0.0,Not Engaged
4,../input/studentengagement/Student-engagement-dataset/Not engaged/drowsy/0444.jpg,0.0,Drowsy!!,Bored,0.0,Not Engaged
5,../input/studentengagement/Student-engagement-dataset/Not engaged/drowsy/0058.jpg,0.0,Drowsy!!,Bored,0.0,Not Engaged
6,../input/studentengagement/Student-engagement-dataset/Not engaged/drowsy/0364.jpg,0.0,Drowsy!!,Bored,0.0,Not Engaged
7,../input/studentengagement/Student-engagement-dataset/Not engaged/drowsy/0246.jpg,,Drowsy!!,Confused,0.0,Not Engaged
8,../input/studentengagement/Student-engagement-dataset/Not engaged/drowsy/0208.jpg,0.0,Drowsy!!,Frustrated,0.0,Not Engaged
9,../input/studentengagement/Student-engagement-dataset/Not engaged/drowsy/0141.jpg,0.0,Drowsy!!,Bored,0.0,Not Engaged
10,../input/studentengagement/Student-engagement-dataset/Not engaged/drowsy/0372.jpg,0.0,Drowsy!!,Bored,0.0,Not Engaged
11,../input/studentengagement/Student-engagement-dataset/Not engaged/drowsy/0327.jpg,0.0,Drowsy!!,Bored,0.0,Not Engaged
12,../input/studentengagement/Student-engagement-dataset/Not engaged/drowsy/0165.jpg,0.0,Drowsy!!,Bored,0.0,Not Engaged
13,../input/studentengagement/Student-engagement-dataset/Not engaged/drowsy/0203.jpg,0.0,Drowsy!!,Frustrated,0.0,Not Engaged
14,../input/studentengagement/Student-engagement-dataset/Not engaged/drowsy/0095.jpg,1.0,Drowsy!!,Bored,0.0,Not Engaged
15,../input/studentengagement/Student-engagement-dataset/Not engaged/drowsy/0070.jpg,0.0,Drowsy!!,Bored,0.0,Not Engaged
16,../input/studentengagement/Student-engagement-dataset/Not engaged/drowsy/0155.jpg,0.0,Drowsy!!,Bored,0.0,Not Engaged
17,../input/studentengagement/Student-engagement-dataset/Not engaged/drowsy/0092.jpg,0.0,Drowsy!!,Bored,0.0,Not Engaged
18,../input/studentengagement/Student-engagement-dataset/Not engaged/drowsy/0057.jpg,0.0,Drowsy!!,Bored,0.0,Not Engaged
19,../input/studentengagement/Student-engagement-dataset/Not engaged/drowsy/0450.jpg,0.0,Drowsy!!,Bored,0.0,Not Engaged
20,../input/studentengagement/Student-engagement-dataset/Not engaged/drowsy/0240.jpg,,Drowsy!!,Confused,0.0,Not Engaged
21,../input/studentengagement/Student-engagement-dataset/Not engaged/drowsy/0078.jpg,0.0,Drowsy!!,Bored,0.0,Not Engaged
22,../input/studentengagement/Student-engagement-dataset/Not engaged/drowsy/0091.jpg,0.0,Drowsy!!,Bored,0.0,Not Engaged
23,../input/studentengagement/Student-engagement-dataset/Not engaged/drowsy/0404.jpg,0.0,Drowsy!!,Frustrated,0.0,Not Engaged
24,../input/studentengagement/Student-engagement-dataset/Not engaged/drowsy/0171.jpg,0.0,Drowsy!!,Bored,0.0,Not Engaged
25,../input/studentengagement/Student-engagement-dataset/Not engaged/drowsy/0184.jpg,0.0,Drowsy!!,Bored,0.0,Not Engaged
26,../input/studentengagement/Student-engagement-dataset/Not engaged/drowsy/0019.jpg,0.0,Drowsy!!,Bored,0.0,Not Engaged
27,../input/studentengagement/Student-engagement-dataset/Not engaged/drowsy/0318.jpg,0.0,Drowsy!!,Bored,0.0,Not Engaged
28,../input/studentengagement/Student-engagement-dataset/Not engaged/drowsy/0154.jpg,0.0,Drowsy!!,Bored,0.0,Not Engaged
29,../input/studentengagement/Student-engagement-dataset/Not engaged/drowsy/0082.jpg,0.0,Drowsy!!,Bored,0.0,Not Engaged
30,../input/studentengagement/Student-engagement-dataset/Not engaged/drowsy/0207.jpg,0.0,Drowsy!!,Frustrated,0.0,Not Engaged
31,../input/studentengagement/Student-engagement-dataset/Not engaged/drowsy/0178.jpg,0.0,Drowsy!!,Frustrated,0.0,Not Engaged
32,../input/studentengagement/Student-engagement-dataset/Not engaged/drowsy/0107.jpg,0.0,Drowsy!!,Bored,0.0,Not Engaged
33,../input/studentengagement/Student-engagement-dataset/Not engaged/drowsy/0067.jpg,0.0,Drowsy!!,Bored,0.0,Not Engaged
34,../input/studentengagement/Student-engagement-dataset/Not engaged/drowsy/0027.jpg,0.0,Drowsy!!,Bored,0.0,Not Engaged
35,../input/studentengagement/Student-engagement-dataset/Not engaged/drowsy/0076.jpg,0.0,Drowsy!!,Bored,0.0,Not Engaged
36,../input/studentengagement/Student-engagement-dataset/Not engaged/drowsy/0098.jpg,0.0,Drowsy!!,Bored,0.0,Not Engaged
37,../input/studentengagement/Student-engagement-dataset/Not engaged/drowsy/0175.jpg,0.0,Drowsy!!,Bored,0.0,Not Engaged
38,../input/studentengagement/Student-engagement-dataset/Not engaged/drowsy/0403.jpg,0.0,Drowsy!!,Frustrated,0.0,Not Engaged
39,../input/studentengagement/Student-engagement-dataset/Not engaged/drowsy/0026.jpg,0.0,Drowsy!!,Bored,0.0,Not Engaged
40,../input/studentengagement/Student-engagement-dataset/Not engaged/drowsy/0021.jpg,0.0,Drowsy!!,Bored,0.0,Not Engaged
41,../input/studentengagement/Student-engagement-dataset/Not engaged/drowsy/0181.jpg,0.0,Drowsy!!,Bored,0.0,Not Engaged
42,../input/studentengagement/Student-engagement-dataset/Not engaged/drowsy/0145.jpg,0.0,Drowsy!!,Bored,0.0,Not Engaged
43,../input/studentengagement/Student-engagement-dataset/Not engaged/drowsy/0065.jpg,0.0,Drowsy!!,Frustrated,0.0,Not Engaged
44,../input/studentengagement/Student-engagement-dataset/Not engaged/drowsy/0140.jpg,0.0,Drowsy!!,Bored,0.0,Not Engaged
45,../input/studentengagement/Student-engagement-dataset/Not engaged/drowsy/0079.jpg,0.0,Drowsy!!,Bored,0.0,Not Engaged
46,../input/studentengagement/Student-engagement-dataset/Not engaged/drowsy/0405.jpg,0.0,Drowsy!!,Bored,0.0,Not Engaged
47,../input/studentengagement/Student-engagement-dataset/Not engaged/drowsy/0323.jpg,0.0,Drowsy!!,Bored,0.0,Not Engaged
48,../input/studentengagement/Student-engagement-dataset/Not engaged/drowsy/0094.jpg,0.0,Drowsy!!,Bored,0.0,Not Engaged
49,../input/studentengagement/Student-engagement-dataset/Not engaged/drowsy/0132.jpg,0.0,Drowsy!!,Bored,0.0,Not Engaged
50,../input/studentengagement/Student-engagement-dataset/Not engaged/drowsy/0369.jpg,0.0,Drowsy!!,Bored,0.0,Not Engaged
51,../input/studentengagement/Student-engagement-dataset/Not engaged/drowsy/0247.jpg,,Drowsy!!,Frustrated,0.0,Not Engaged
52,../input/studentengagement/Student-engagement-dataset/Not engaged/drowsy/0226.jpg,,Drowsy!!,Bored,0.0,Not Engaged
53,../input/studentengagement/Student-engagement-dataset/Not engaged/drowsy/0023.jpg,0.0,Drowsy!!,Bored,0.0,Not Engaged
54,../input/studentengagement/Student-engagement-dataset/Not engaged/drowsy/0320.jpg,0.0,Drowsy!!,Bored,0.0,Not Engaged
55,../input/studentengagement/Student-engagement-dataset/Not engaged/drowsy/0146.jpg,0.0,Drowsy!!,Bored,0.0,Not Engaged
56,../input/studentengagement/Student-engagement-dataset/Not engaged/drowsy/0237.jpg,,Drowsy!!,Bored,0.0,Not Engaged
57,../input/studentengagement/Student-engagement-dataset/Not engaged/drowsy/0238.jpg,,Drowsy!!,Bored,0.0,Not Engaged
58,../input/studentengagement/Student-engagement-dataset/Not engaged/drowsy/0031.jpg,0.0,Drowsy!!,Bored,0.0,Not Engaged
59,../input/studentengagement/Student-engagement-dataset/Not engaged/drowsy/0093.jpg,0.0,Drowsy!!,Bored,0.0,Not Engaged
60,../input/studentengagement/Student-engagement-dataset/Not engaged/drowsy/0214.jpg,,Drowsy!!,Bored,0.0,Not Engaged
61,../input/studentengagement/Student-engagement-dataset/Not engaged/drowsy/0169.jpg,0.0,Drowsy!!,Bored,0.0,Not Engaged
62,../input/studentengagement/Student-engagement-dataset/Not engaged/drowsy/0402.jpg,0.0,Drowsy!!,Frustrated,0.0,Not Engaged
63,../input/studentengagement/Student-engagement-dataset/Not engaged/drowsy/0068.jpg,0.0,Drowsy!!,Bored,0.0,Not Engaged
64,../input/studentengagement/Student-engagement-dataset/Not engaged/drowsy/0228.jpg,,Drowsy!!,Bored,0.0,Not Engaged
65,../input/studentengagement/Student-engagement-dataset/Not engaged/drowsy/0032.jpg,0.0,Drowsy!!,Bored,0.0,Not Engaged
66,../input/studentengagement/Student-engagement-dataset/Not engaged/drowsy/0195.jpg,0.0,Drowsy!!,Bored,0.0,Not Engaged
67,../input/studentengagement/Student-engagement-dataset/Not engaged/drowsy/0370.jpg,0.0,Drowsy!!,Bored,0.0,Not Engaged
68,../input/studentengagement/Student-engagement-dataset/Not engaged/drowsy/0135.jpg,0.0,Drowsy!!,Bored,0.0,Not Engaged
69,../input/studentengagement/Student-engagement-dataset/Not engaged/drowsy/0136.jpg,0.0,Drowsy!!,Bored,0.0,Not Engaged
70,../input/studentengagement/Student-engagement-dataset/Not engaged/drowsy/0188.jpg,0.0,Drowsy!!,Bored,0.0,Not Engaged
71,../input/studentengagement/Student-engagement-dataset/Not engaged/drowsy/0193.jpg,0.0,Drowsy!!,Bored,0.0,Not Engaged
72,../input/studentengagement/Student-engagement-dataset/Not engaged/drowsy/0315.jpg,0.0,Drowsy!!,Bored,0.0,Not Engaged
73,../input/studentengagement/Student-engagement-dataset/Not engaged/drowsy/0250.jpg,,Drowsy!!,Bored,0.0,Not Engaged
74,../input/studentengagement/Student-engagement-dataset/Not engaged/drowsy/0018.jpg,0.0,Drowsy!!,Bored,0.0,Not Engaged
75,../input/studentengagement/Student-engagement-dataset/Not engaged/drowsy/0442.jpg,0.0,Drowsy!!,Bored,0.0,Not Engaged
76,../input/studentengagement/Student-engagement-dataset/Not engaged/drowsy/0312.jpg,0.0,Drowsy!!,Bored,0.0,Not Engaged
77,../input/studentengagement/Student-engagement-dataset/Not engaged/drowsy/0089.jpg,0.0,Drowsy!!,Bored,0.0,Not Engaged
78,../input/studentengagement/Student-engagement-dataset/Not engaged/drowsy/0147.jpg,0.0,Drowsy!!,Bored,0.0,Not Engaged
79,../input/studentengagement/Student-engagement-dataset/Not engaged/drowsy/0213.jpg,,Drowsy!!,Bored,0.0,Not Engaged
80,../input/studentengagement/Student-engagement-dataset/Not engaged/drowsy/0465.jpg,0.0,Drowsy!!,Bored,0.0,Not Engaged
81,../input/studentengagement/Student-engagement-dataset/Not engaged/drowsy/0460.jpg,0.0,Drowsy!!,Bored,0.0,Not Engaged
82,../input/studentengagement/Student-engagement-dataset/Not engaged/drowsy/0398.jpg,0.0,Drowsy!!,Frustrated,0.0,Not Engaged
83,../input/studentengagement/Student-engagement-dataset/Not engaged/drowsy/0441.jpg,0.0,Drowsy!!,Bored,0.0,Not Engaged
84,../input/studentengagement/Student-engagement-dataset/Not engaged/drowsy/0209.jpg,,Drowsy!!,Frustrated,0.0,Not Engaged
85,../input/studentengagement/Student-engagement-dataset/Not engaged/drowsy/0362.jpg,0.0,Drowsy!!,Bored,0.0,Not Engaged
86,../input/studentengagement/Student-engagement-dataset/Not engaged/drowsy/0025.jpg,0.0,Drowsy!!,Bored,0.0,Not Engaged
87,../input/studentengagement/Student-engagement-dataset/Not engaged/drowsy/0022.jpg,0.0,Drowsy!!,Bored,0.0,Not Engaged
88,../input/studentengagement/Student-engagement-dataset/Not engaged/drowsy/0151.jpg,0.0,Drowsy!!,Bored,0.0,Not Engaged
89,../input/studentengagement/Student-engagement-dataset/Not engaged/drowsy/0468.jpg,0.0,Drowsy!!,Bored,0.0,Not Engaged
90,../input/studentengagement/Student-engagement-dataset/Not engaged/drowsy/0363.jpg,0.0,Drowsy!!,Bored,0.0,Not Engaged
91,../input/studentengagement/Student-engagement-dataset/Not engaged/drowsy/0179.jpg,0.0,Drowsy!!,Bored,0.0,Not Engaged
92,../input/studentengagement/Student-engagement-dataset/Not engaged/drowsy/0020.jpg,0.0,Drowsy!!,Bored,0.0,Not Engaged
93,../input/studentengagement/Student-engagement-dataset/Not engaged/drowsy/0232.jpg,,Drowsy!!,Bored,0.0,Not Engaged
94,../input/studentengagement/Student-engagement-dataset/Not engaged/drowsy/0102.jpg,0.0,Drowsy!!,Bored,0.0,Not Engaged
95,../input/studentengagement/Student-engagement-dataset/Not engaged/drowsy/0314.jpg,0.0,Drowsy!!,Bored,0.0,Not Engaged
96,../input/studentengagement/Student-engagement-dataset/Not engaged/drowsy/0075.jpg,0.0,Drowsy!!,Bored,0.0,Not Engaged
97,../input/studentengagement/Student-engagement-dataset/Not engaged/drowsy/0134.jpg,0.0,Drowsy!!,Bored,0.0,Not Engaged
98,../input/studentengagement/Student-engagement-dataset/Not engaged/drowsy/0073.jpg,0.0,Drowsy!!,Bored,0.0,Not Engaged
99,../input/studentengagement/Student-engagement-dataset/Not engaged/drowsy/0125.jpg,0.0,Drowsy!!,Bored,0.0,Not Engaged
100,../input/studentengagement/Student-engagement-dataset/Not engaged/drowsy/0028.jpg,0.0,Drowsy!!,Bored,0.0,Not Engaged
101,../input/studentengagement/Student-engagement-dataset/Not engaged/drowsy/0243.jpg,,Drowsy!!,Confused,0.0,Not Engaged
102,../input/studentengagement/Student-engagement-dataset/Not engaged/drowsy/0029.jpg,0.0,Drowsy!!,Bored,0.0,Not Engaged
103,../input/studentengagement/Student-engagement-dataset/Not engaged/drowsy/0172.jpg,0.0,Drowsy!!,Bored,0.0,Not Engaged
104,../input/studentengagement/Student-engagement-dataset/Not engaged/drowsy/0182.jpg,0.0,Drowsy!!,Frustrated,0.0,Not Engaged
105,../input/studentengagement/Student-engagement-dataset/Not engaged/drowsy/0196.jpg,0.0,Drowsy!!,Bored,0.0,Not Engaged
106,../input/studentengagement/Student-engagement-dataset/Not engaged/drowsy/0083.jpg,0.0,Drowsy!!,Bored,0.0,Not Engaged
107,../input/studentengagement/Student-engagement-dataset/Not engaged/drowsy/0144.jpg,0.0,Drowsy!!,Bored,0.0,Not Engaged
108,../input/studentengagement/Student-engagement-dataset/Not engaged/drowsy/0158.jpg,0.0,Drowsy!!,Bored,0.0,Not Engaged
109,../input/studentengagement/Student-engagement-dataset/Not engaged/drowsy/0316.jpg,0.0,Drowsy!!,Bored,0.0,Not Engaged
110,../input/studentengagement/Student-engagement-dataset/Not engaged/drowsy/0458.jpg,0.0,Drowsy!!,Bored,0.0,Not Engaged
111,../input/studentengagement/Student-engagement-dataset/Not engaged/drowsy/0064.jpg,0.0,Drowsy!!,Frustrated,0.0,Not Engaged
112,../input/studentengagement/Student-engagement-dataset/Not engaged/drowsy/0097.jpg,0.0,Drowsy!!,Bored,0.0,Not Engaged
113,../input/studentengagement/Student-engagement-dataset/Not engaged/drowsy/0088.jpg,0.0,Drowsy!!,Bored,0.0,Not Engaged
114,../input/studentengagement/Student-engagement-dataset/Not engaged/drowsy/0227.jpg,,Drowsy!!,Bored,0.0,Not Engaged
115,../input/studentengagement/Student-engagement-dataset/Not engaged/drowsy/0192.jpg,0.0,Drowsy!!,Bored,0.0,Not Engaged
116,../input/studentengagement/Student-engagement-dataset/Not engaged/drowsy/0143.jpg,0.0,Drowsy!!,Bored,0.0,Not Engaged
117,../input/studentengagement/Student-engagement-dataset/Not engaged/drowsy/0148.jpg,0.0,Drowsy!!,Bored,0.0,Not Engaged
118,../input/studentengagement/Student-engagement-dataset/Not engaged/drowsy/0313.jpg,0.0,Drowsy!!,Bored,0.0,Not Engaged
119,../input/studentengagement/Student-engagement-dataset/Not engaged/drowsy/0466.jpg,0.0,Drowsy!!,Bored,0.0,Not Engaged
120,../input/studentengagement/Student-engagement-dataset/Not engaged/drowsy/0328.jpg,0.0,Drowsy!!,Bored,0.0,Not Engaged
121,../input/studentengagement/Student-engagement-dataset/Not engaged/drowsy/0160.jpg,0.0,Drowsy!!,Bored,0.0,Not Engaged
122,../input/studentengagement/Student-engagement-dataset/Not engaged/drowsy/0081.jpg,0.0,Drowsy!!,Bored,0.0,Not Engaged
123,../input/studentengagement/Student-engagement-dataset/Not engaged/drowsy/0451.jpg,0.0,Drowsy!!,Bored,0.0,Not Engaged
124,../input/studentengagement/Student-engagement-dataset/Not engaged/drowsy/0153.jpg,0.0,Drowsy!!,Bored,0.0,Not Engaged
125,../input/studentengagement/Student-engagement-dataset/Not engaged/drowsy/0321.jpg,0.0,Drowsy!!,Bored,0.0,Not Engaged
126,../input/studentengagement/Student-engagement-dataset/Not engaged/drowsy/0217.jpg,,Drowsy!!,Confused,0.0,Not Engaged
127,../input/studentengagement/Student-engagement-dataset/Not engaged/drowsy/0063.jpg,0.0,Drowsy!!,Frustrated,0.0,Not Engaged
128,../input/studentengagement/Student-engagement-dataset/Not engaged/drowsy/0059.jpg,0.0,Drowsy!!,Bored,0.0,Not Engaged
129,../input/studentengagement/Student-engagement-dataset/Not engaged/drowsy/0187.jpg,0.0,Drowsy!!,Bored,0.0,Not Engaged
130,../input/studentengagement/Student-engagement-dataset/Not engaged/drowsy/0407.jpg,0.0,Drowsy!!,Bored,0.0,Not Engaged
131,../input/studentengagement/Student-engagement-dataset/Not engaged/drowsy/0139.jpg,0.0,Drowsy!!,Bored,0.0,Not Engaged
132,../input/studentengagement/Student-engagement-dataset/Not engaged/drowsy/0191.jpg,0.0,Drowsy!!,Bored,0.0,Not Engaged
133,../input/studentengagement/Student-engagement-dataset/Not engaged/drowsy/0447.jpg,0.0,Drowsy!!,Bored,0.0,Not Engaged
134,../input/studentengagement/Student-engagement-dataset/Not engaged/drowsy/0133.jpg,0.0,Drowsy!!,Bored,0.0,Not Engaged
135,../input/studentengagement/Student-engagement-dataset/Not engaged/drowsy/0219.jpg,,Drowsy!!,Bored,0.0,Not Engaged
136,../input/studentengagement/Student-engagement-dataset/Not engaged/drowsy/0159.jpg,0.0,Drowsy!!,Bored,0.0,Not Engaged
137,../input/studentengagement/Student-engagement-dataset/Not engaged/drowsy/0080.jpg,0.0,Drowsy!!,Bored,0.0,Not Engaged
138,../input/studentengagement/Student-engagement-dataset/Not engaged/drowsy/0142.jpg,0.0,Drowsy!!,Bored,0.0,Not Engaged
139,../input/studentengagement/Student-engagement-dataset/Not engaged/drowsy/0204.jpg,0.0,Drowsy!!,Frustrated,0.0,Not Engaged
140,../input/studentengagement/Student-engagement-dataset/Not engaged/drowsy/0161.jpg,0.0,Drowsy!!,Bored,0.0,Not Engaged
141,../input/studentengagement/Student-engagement-dataset/Not engaged/drowsy/0242.jpg,,Drowsy!!,Confused,0.0,Not Engaged
142,../input/studentengagement/Student-engagement-dataset/Not engaged/drowsy/0216.jpg,,Drowsy!!,Confused,0.0,Not Engaged
143,../input/studentengagement/Student-engagement-dataset/Not engaged/drowsy/0221.jpg,,Drowsy!!,Bored,0.0,Not Engaged
144,../input/studentengagement/Student-engagement-dataset/Not engaged/drowsy/0137.jpg,0.0,Drowsy!!,Bored,0.0,Not Engaged
145,../input/studentengagement/Student-engagement-dataset/Not engaged/drowsy/0103.jpg,0.0,Drowsy!!,Bored,0.0,Not Engaged
146,../input/studentengagement/Student-engagement-dataset/Not engaged/drowsy/0185.jpg,0.0,Drowsy!!,Frustrated,0.0,Not Engaged
147,../input/studentengagement/Student-engagement-dataset/Not engaged/drowsy/0177.jpg,0.0,Drowsy!!,Frustrated,0.0,Not Engaged
148,../input/studentengagement/Student-engagement-dataset/Not engaged/drowsy/0233.jpg,,Drowsy!!,Bored,0.0,Not Engaged
149,../input/studentengagement/Student-engagement-dataset/Not engaged/drowsy/0367.jpg,0.0,Drowsy!!,Bored,0.0,Not Engaged
150,../input/studentengagement/Student-engagement-dataset/Not engaged/drowsy/0366.jpg,0.0,Drowsy!!,Bored,0.0,Not Engaged
151,../input/studentengagement/Student-engagement-dataset/Not engaged/drowsy/0395.jpg,0.0,Drowsy!!,Bored,0.0,Not Engaged
152,../input/studentengagement/Student-engagement-dataset/Not engaged/drowsy/0201.jpg,0.0,Drowsy!!,Bored,0.0,Not Engaged
153,../input/studentengagement/Student-engagement-dataset/Not engaged/drowsy/0222.jpg,,Drowsy!!,Bored,0.0,Not Engaged
154,../input/studentengagement/Student-engagement-dataset/Not engaged/drowsy/0037.jpg,0.0,Drowsy!!,Bored,0.0,Not Engaged
155,../input/studentengagement/Student-engagement-dataset/Not engaged/drowsy/0183.jpg,0.0,Drowsy!!,Frustrated,0.0,Not Engaged
156,../input/studentengagement/Student-engagement-dataset/Not engaged/drowsy/0166.jpg,0.0,Drowsy!!,Bored,0.0,Not Engaged
157,../input/studentengagement/Student-engagement-dataset/Not engaged/drowsy/0162.jpg,0.0,Drowsy!!,Bored,0.0,Not Engaged
158,../input/studentengagement/Student-engagement-dataset/Not engaged/drowsy/0461.jpg,0.0,Drowsy!!,Bored,0.0,Not Engaged
159,../input/studentengagement/Student-engagement-dataset/Not engaged/drowsy/0393.jpg,0.0,Drowsy!!,Bored,0.0,Not Engaged
160,../input/studentengagement/Student-engagement-dataset/Not engaged/drowsy/0373.jpg,0.0,Drowsy!!,Bored,0.0,Not Engaged
161,../input/studentengagement/Student-engagement-dataset/Not engaged/drowsy/0194.jpg,0.0,Drowsy!!,Bored,0.0,Not Engaged
162,../input/studentengagement/Student-engagement-dataset/Not engaged/drowsy/0224.jpg,,Drowsy!!,Bored,0.0,Not Engaged
163,../input/studentengagement/Student-engagement-dataset/Not engaged/drowsy/0249.jpg,,Drowsy!!,Bored,0.0,Not Engaged
164,../input/studentengagement/Student-engagement-dataset/Not engaged/drowsy/0446.jpg,0.0,Drowsy!!,Bored,0.0,Not Engaged
165,../input/studentengagement/Student-engagement-dataset/Not engaged/drowsy/0173.jpg,0.0,Drowsy!!,Bored,0.0,Not Engaged
166,../input/studentengagement/Student-engagement-dataset/Not engaged/drowsy/0368.jpg,0.0,Drowsy!!,Bored,0.0,Not Engaged
167,../input/studentengagement/Student-engagement-dataset/Not engaged/drowsy/0157.jpg,0.0,Drowsy!!,Bored,0.0,Not Engaged
168,../input/studentengagement/Student-engagement-dataset/Not engaged/drowsy/0392.jpg,0.0,Drowsy!!,Bored,0.0,Not Engaged
169,../input/studentengagement/Student-engagement-dataset/Not engaged/drowsy/0163.jpg,0.0,Drowsy!!,Bored,0.0,Not Engaged
170,../input/studentengagement/Student-engagement-dataset/Not engaged/drowsy/0099.jpg,0.0,Drowsy!!,Bored,0.0,Not Engaged
171,../input/studentengagement/Student-engagement-dataset/Not engaged/drowsy/0459.jpg,0.0,Drowsy!!,Bored,0.0,Not Engaged
172,../input/studentengagement/Student-engagement-dataset/Not engaged/drowsy/0449.jpg,0.0,Drowsy!!,Bored,0.0,Not Engaged
173,../input/studentengagement/Student-engagement-dataset/Not engaged/drowsy/0394.jpg,0.0,Drowsy!!,Bored,0.0,Not Engaged
174,../input/studentengagement/Student-engagement-dataset/Not engaged/drowsy/0035.jpg,0.0,Drowsy!!,Bored,0.0,Not Engaged
175,../input/studentengagement/Student-engagement-dataset/Not engaged/drowsy/0397.jpg,0.0,Drowsy!!,Frustrated,0.0,Not Engaged
176,../input/studentengagement/Student-engagement-dataset/Not engaged/drowsy/0164.jpg,0.0,Drowsy!!,Bored,0.0,Not Engaged
177,../input/studentengagement/Student-engagement-dataset/Not engaged/drowsy/0071.jpg,0.0,Drowsy!!,Bored,0.0,Not Engaged
178,../input/studentengagement/Student-engagement-dataset/Not engaged/drowsy/0244.jpg,,Drowsy!!,Confused,0.0,Not Engaged
179,../input/studentengagement/Student-engagement-dataset/Not engaged/drowsy/0361.jpg,0.0,Drowsy!!,Bored,0.0,Not Engaged
180,../input/studentengagement/Student-engagement-dataset/Not engaged/drowsy/0322.jpg,0.0,Drowsy!!,Bored,0.0,Not Engaged
181,../input/studentengagement/Student-engagement-dataset/Not engaged/drowsy/0241.jpg,,Drowsy!!,Confused,0.0,Not Engaged
182,../input/studentengagement/Student-engagement-dataset/Not engaged/drowsy/0087.jpg,0.0,Drowsy!!,Bored,0.0,Not Engaged
183,../input/studentengagement/Student-engagement-dataset/Not engaged/drowsy/0205.jpg,0.0,Drowsy!!,Frustrated,0.0,Not Engaged
184,../input/studentengagement/Student-engagement-dataset/Not engaged/drowsy/0230.jpg,,Drowsy!!,Bored,0.0,Not Engaged
185,../input/studentengagement/Student-engagement-dataset/Not engaged/drowsy/0198.jpg,0.0,Drowsy!!,Bored,0.0,Not Engaged
186,../input/studentengagement/Student-engagement-dataset/Not engaged/drowsy/0152.jpg,0.0,Drowsy!!,Bored,0.0,Not Engaged
187,../input/studentengagement/Student-engagement-dataset/Not engaged/drowsy/0220.jpg,,Drowsy!!,Bored,0.0,Not Engaged
188,../input/studentengagement/Student-engagement-dataset/Not engaged/drowsy/0215.jpg,,Drowsy!!,Bored,0.0,Not Engaged
189,../input/studentengagement/Student-engagement-dataset/Not engaged/drowsy/0100.jpg,0.0,Drowsy!!,Bored,0.0,Not Engaged
190,../input/studentengagement/Student-engagement-dataset/Not engaged/drowsy/0199.jpg,0.0,Drowsy!!,Bored,0.0,Not Engaged
191,../input/studentengagement/Student-engagement-dataset/Not engaged/drowsy/0069.jpg,0.0,Drowsy!!,Bored,0.0,Not Engaged
192,../input/studentengagement/Student-engagement-dataset/Not engaged/drowsy/0326.jpg,0.0,Drowsy!!,Bored,0.0,Not Engaged
193,../input/studentengagement/Student-engagement-dataset/Not engaged/drowsy/0324.jpg,0.0,Drowsy!!,Bored,0.0,Not Engaged
194,../input/studentengagement/Student-engagement-dataset/Not engaged/drowsy/0218.jpg,,Drowsy!!,Bored,0.0,Not Engaged
195,../input/studentengagement/Student-engagement-dataset/Not engaged/drowsy/0033.jpg,0.0,Drowsy!!,Bored,0.0,Not Engaged
196,../input/studentengagement/Student-engagement-dataset/Not engaged/drowsy/0149.jpg,0.0,Drowsy!!,Bored,0.0,Not Engaged
197,../input/studentengagement/Student-engagement-dataset/Not engaged/drowsy/0174.jpg,0.0,Drowsy!!,Bored,0.0,Not Engaged
198,../input/studentengagement/Student-engagement-dataset/Not engaged/drowsy/0463.jpg,0.0,Drowsy!!,Bored,0.0,Not Engaged
199,../input/studentengagement/Student-engagement-dataset/Not engaged/drowsy/0034.jpg,0.0,Drowsy!!,Bored,0.0,Not Engaged
200,../input/studentengagement/Student-engagement-dataset/Not engaged/drowsy/0396.jpg,0.0,Drowsy!!,Frustrated,0.0,Not Engaged
201,../input/studentengagement/Student-engagement-dataset/Not engaged/drowsy/0072.jpg,0.0,Drowsy!!,Bored,0.0,Not Engaged
202,../input/studentengagement/Student-engagement-dataset/Not engaged/drowsy/0066.jpg,0.0,Drowsy!!,Frustrated,0.0,Not Engaged
203,../input/studentengagement/Student-engagement-dataset/Not engaged/drowsy/0359.jpg,0.0,Drowsy!!,Bored,0.0,Not Engaged
204,../input/studentengagement/Student-engagement-dataset/Not engaged/drowsy/0329.jpg,0.0,Drowsy!!,Bored,0.0,Not Engaged
205,../input/studentengagement/Student-engagement-dataset/Not engaged/drowsy/0365.jpg,0.0,Drowsy!!,Bored,0.0,Not Engaged
206,../input/studentengagement/Student-engagement-dataset/Not engaged/drowsy/0211.jpg,,Drowsy!!,Bored,0.0,Not Engaged
207,../input/studentengagement/Student-engagement-dataset/Not engaged/drowsy/0462.jpg,0.0,Drowsy!!,Bored,0.0,Not Engaged
208,../input/studentengagement/Student-engagement-dataset/Not engaged/drowsy/0445.jpg,0.0,Drowsy!!,Bored,0.0,Not Engaged
209,../input/studentengagement/Student-engagement-dataset/Not engaged/drowsy/0150.jpg,0.0,Drowsy!!,Bored,0.0,Not Engaged
210,../input/studentengagement/Student-engagement-dataset/Not engaged/drowsy/0030.jpg,0.0,Drowsy!!,Bored,0.0,Not Engaged
211,../input/studentengagement/Student-engagement-dataset/Not engaged/drowsy/0189.jpg,0.0,Drowsy!!,Bored,0.0,Not Engaged
212,../input/studentengagement/Student-engagement-dataset/Not engaged/drowsy/0085.jpg,0.0,Drowsy!!,Bored,0.0,Not Engaged
213,../input/studentengagement/Student-engagement-dataset/Not engaged/drowsy/0123.jpg,0.0,Drowsy!!,Bored,0.0,Not Engaged
214,../input/studentengagement/Student-engagement-dataset/Not engaged/drowsy/0360.jpg,0.0,Drowsy!!,Bored,0.0,Not Engaged
215,../input/studentengagement/Student-engagement-dataset/Not engaged/drowsy/0336.jpg,0.0,Drowsy!!,Bored,0.0,Not Engaged
216,../input/studentengagement/Student-engagement-dataset/Not engaged/drowsy/0090.jpg,0.0,Drowsy!!,Bored,0.0,Not Engaged
217,../input/studentengagement/Student-engagement-dataset/Not engaged/drowsy/0231.jpg,,Drowsy!!,Bored,0.0,Not Engaged
218,../input/studentengagement/Student-engagement-dataset/Not engaged/drowsy/0138.jpg,0.0,Drowsy!!,Bored,0.0,Not Engaged
219,../input/studentengagement/Student-engagement-dataset/Not engaged/drowsy/0464.jpg,0.0,Drowsy!!,Bored,0.0,Not Engaged
220,../input/studentengagement/Student-engagement-dataset/Not engaged/drowsy/0212.jpg,,Drowsy!!,Bored,0.0,Not Engaged
221,../input/studentengagement/Student-engagement-dataset/Not engaged/drowsy/0399.jpg,0.0,Drowsy!!,Frustrated,0.0,Not Engaged
222,../input/studentengagement/Student-engagement-dataset/Not engaged/drowsy/0317.jpg,0.0,Drowsy!!,Bored,0.0,Not Engaged
223,../input/studentengagement/Student-engagement-dataset/Not engaged/drowsy/0248.jpg,,Drowsy!!,Frustrated,0.0,Not Engaged
224,../input/studentengagement/Student-engagement-dataset/Not engaged/drowsy/0225.jpg,,Drowsy!!,Bored,0.0,Not Engaged
225,../input/studentengagement/Student-engagement-dataset/Not engaged/drowsy/0156.jpg,0.0,Drowsy!!,Bored,0.0,Not Engaged
226,../input/studentengagement/Student-engagement-dataset/Not engaged/drowsy/0084.jpg,0.0,Drowsy!!,Bored,0.0,Not Engaged
227,../input/studentengagement/Student-engagement-dataset/Not engaged/drowsy/0401.jpg,0.0,Drowsy!!,Frustrated,0.0,Not Engaged
228,../input/studentengagement/Student-engagement-dataset/Not engaged/drowsy/0167.jpg,0.0,Drowsy!!,Bored,0.0,Not Engaged
229,../input/studentengagement/Student-engagement-dataset/Not engaged/drowsy/0229.jpg,,Drowsy!!,Bored,0.0,Not Engaged
230,../input/studentengagement/Student-engagement-dataset/Not engaged/drowsy/0190.jpg,0.0,Drowsy!!,Bored,0.0,Not Engaged
231,../input/studentengagement/Student-engagement-dataset/Not engaged/drowsy/0223.jpg,,Drowsy!!,Bored,0.0,Not Engaged
232,../input/studentengagement/Student-engagement-dataset/Not engaged/drowsy/0358.jpg,0.0,Drowsy!!,Bored,0.0,Not Engaged
233,../input/studentengagement/Student-engagement-dataset/Not engaged/drowsy/0197.jpg,0.0,Drowsy!!,Bored,0.0,Not Engaged
234,../input/studentengagement/Student-engagement-dataset/Not engaged/drowsy/0467.jpg,0.0,Drowsy!!,Bored,0.0,Not Engaged
235,../input/studentengagement/Student-engagement-dataset/Not engaged/drowsy/0325.jpg,0.0,Drowsy!!,Bored,0.0,Not Engaged
236,../input/studentengagement/Student-engagement-dataset/Not engaged/drowsy/0319.jpg,0.0,Drowsy!!,Bored,0.0,Not Engaged
237,../input/studentengagement/Student-engagement-dataset/Not engaged/drowsy/0180.jpg,0.0,Drowsy!!,Bored,0.0,Not Engaged
238,../input/studentengagement/Student-engagement-dataset/Not engaged/drowsy/0036.jpg,0.0,Active!!,Frustrated,0.25,Not Engaged
239,../input/studentengagement/Student-engagement-dataset/Not engaged/drowsy/0236.jpg,,Drowsy!!,Bored,0.0,Not Engaged
240,../input/studentengagement/Student-engagement-dataset/Not engaged/drowsy/0234.jpg,,Drowsy!!,Bored,0.0,Not Engaged
241,../input/studentengagement/Student-engagement-dataset/Not engaged/drowsy/0408.jpg,0.0,Drowsy!!,Bored,0.0,Not Engaged
242,../input/studentengagement/Student-engagement-dataset/Not engaged/drowsy/0400.jpg,0.0,Drowsy!!,Frustrated,0.0,Not Engaged
243,../input/studentengagement/Student-engagement-dataset/Not engaged/drowsy/0406.jpg,0.0,Drowsy!!,Bored,0.0,Not Engaged
244,../input/studentengagement/Student-engagement-dataset/Not engaged/drowsy/0281.jpg,0.0,Drowsy!!,Bored,0.0,Not Engaged
245,../input/studentengagement/Student-engagement-dataset/Not engaged/drowsy/0206.jpg,0.0,Drowsy!!,Frustrated,0.0,Not Engaged
246,../input/studentengagement/Student-engagement-dataset/Not engaged/drowsy/0101.jpg,0.0,Drowsy!!,Bored,0.0,Not Engaged
247,../input/studentengagement/Student-engagement-dataset/Not engaged/drowsy/0245.jpg,,Drowsy!!,Confused,0.0,Not Engaged
248,../input/studentengagement/Student-engagement-dataset/Not engaged/drowsy/0469.jpg,0.0,Drowsy!!,Bored,0.0,Not Engaged
249,../input/studentengagement/Student-engagement-dataset/Not engaged/drowsy/0210.jpg,,Drowsy!!,Frustrated,0.0,Not Engaged
250,../input/studentengagement/Student-engagement-dataset/Not engaged/drowsy/0239.jpg,,Drowsy!!,Bored,0.0,Not Engaged
251,../input/studentengagement/Student-engagement-dataset/Not engaged/drowsy/0448.jpg,0.0,Drowsy!!,Bored,0.0,Not Engaged
252,../input/studentengagement/Student-engagement-dataset/Not engaged/drowsy/0186.jpg,0.0,Drowsy!!,Frustrated,0.0,Not Engaged
253,../input/studentengagement/Student-engagement-dataset/Not engaged/drowsy/0202.jpg,0.0,Drowsy!!,Bored,0.0,Not Engaged
254,../input/studentengagement/Student-engagement-dataset/Not engaged/drowsy/0096.jpg,0.0,Drowsy!!,Bored,0.0,Not Engaged
255,../input/studentengagement/Student-engagement-dataset/Not engaged/drowsy/0168.jpg,0.0,Drowsy!!,Bored,0.0,Not Engaged
256,../input/studentengagement/Student-engagement-dataset/Not engaged/drowsy/0024.jpg,0.0,Drowsy!!,Bored,0.0,Not Engaged
257,../input/studentengagement/Student-engagement-dataset/Not engaged/drowsy/0086.jpg,0.0,Drowsy!!,Bored,0.0,Not Engaged
258,../input/studentengagement/Student-engagement-dataset/Not engaged/drowsy/0170.jpg,0.0,Drowsy!!,Bored,0.0,Not Engaged
259,../input/studentengagement/Student-engagement-dataset/Not engaged/drowsy/0200.jpg,0.0,Drowsy!!,Bored,0.0,Not Engaged
260,../input/studentengagement/Student-engagement-dataset/Not engaged/drowsy/0371.jpg,0.0,Drowsy!!,Bored,0.0,Not Engaged
261,../input/studentengagement/Student-engagement-dataset/Not engaged/drowsy/0443.jpg,0.0,Drowsy!!,Bored,0.0,Not Engaged
262,../input/studentengagement/Student-engagement-dataset/Not engaged/drowsy/0176.jpg,0.0,Drowsy!!,Frustrated,0.0,Not Engaged
