,image,head_pose,drowsiness,emotion,label,result
0,../input/studentengagement/Student-engagement-dataset/Engaged/engaged/0375.jpg,0,Active!!,Frustrated,0.25,Not Engaged
1,../input/studentengagement/Student-engagement-dataset/Engaged/engaged/0285.jpg,0,Active!!,Engaged,0.85,Engaged
2,../input/studentengagement/Student-engagement-dataset/Engaged/engaged/0074.jpg,0,Active!!,Frustrated,0.25,Engaged
3,../input/studentengagement/Student-engagement-dataset/Engaged/engaged/0077.jpg,0,Active!!,Frustrated,0.25,Engaged
4,../input/studentengagement/Student-engagement-dataset/Engaged/engaged/0426.jpg,0,Active!!,Frustrated,0.25,Engaged
5,../input/studentengagement/Student-engagement-dataset/Engaged/engaged/0235.jpg,0,Active!!,Frustrated,0.25,Not Engaged
6,../input/studentengagement/Student-engagement-dataset/Engaged/engaged/0273.jpg,0,Active!!,Engaged,0.85,Engaged
7,../input/studentengagement/Student-engagement-dataset/Engaged/engaged/0307.jpg,0,Active!!,Frustrated,0.25,Not Engaged
8,../input/studentengagement/Student-engagement-dataset/Engaged/engaged/0444.jpg,0,Active!!,Engaged,0.85,Engaged
9,../input/studentengagement/Student-engagement-dataset/Engaged/engaged/0058.jpg,0,Active!!,Frustrated,0.25,Not Engaged
10,../input/studentengagement/Student-engagement-dataset/Engaged/engaged/0255.jpg,0,Active!!,Engaged,0.25,Engaged
11,../input/studentengagement/Student-engagement-dataset/Engaged/engaged/0364.jpg,0,Active!!,Engaged,0.85,Engaged
12,../input/studentengagement/Student-engagement-dataset/Engaged/engaged/0246.jpg,1,Active!!,Frustrated,0.4,Not Engaged
13,../input/studentengagement/Student-engagement-dataset/Engaged/engaged/0337.jpg,0,Active!!,Engaged,0.85,Engaged
14,../input/studentengagement/Student-engagement-dataset/Engaged/engaged/0141.jpg,0,Active!!,Engaged,0.85,Engaged
15,../input/studentengagement/Student-engagement-dataset/Engaged/engaged/0372.jpg,0,Active!!,Frustrated,0.25,Not Engaged
16,../input/studentengagement/Student-engagement-dataset/Engaged/engaged/0327.jpg,0,Active!!,Engaged,0.85,Engaged
17,../input/studentengagement/Student-engagement-dataset/Engaged/engaged/0165.jpg,0,Active!!,Engaged,0.85,Engaged
18,../input/studentengagement/Student-engagement-dataset/Engaged/engaged/0355.jpg,0,Active!!,Confused,0.5,Not Engaged
19,../input/studentengagement/Student-engagement-dataset/Engaged/engaged/0006.jpg,0,Active!!,Frustrated,0.25,Not Engaged
20,../input/studentengagement/Student-engagement-dataset/Engaged/engaged/0070.jpg,0,Active!!,Engaged,0.85,Engaged
21,../input/studentengagement/Student-engagement-dataset/Engaged/engaged/0436.jpg,0,Active!!,Engaged,0.85,Engaged
22,../input/studentengagement/Student-engagement-dataset/Engaged/engaged/0155.jpg,0,Active!!,Engaged,0.85,Engaged
23,../input/studentengagement/Student-engagement-dataset/Engaged/engaged/0450.jpg,0,Active!!,Frustrated,0.25,Not Engaged
24,../input/studentengagement/Student-engagement-dataset/Engaged/engaged/0240.jpg,0,Active!!,Engaged,0.85,Engaged
25,../input/studentengagement/Student-engagement-dataset/Engaged/engaged/0078.jpg,0,Active!!,Engaged,0.85,Engaged
26,../input/studentengagement/Student-engagement-dataset/Engaged/engaged/0011.jpg,0,Active!!,Engaged,0.85,Engaged
27,../input/studentengagement/Student-engagement-dataset/Engaged/engaged/0404.jpg,0,Active!!,Engaged,0.85,Engaged
28,../input/studentengagement/Student-engagement-dataset/Engaged/engaged/0171.jpg,0,Active!!,Engaged,0.85,Engaged
29,../input/studentengagement/Student-engagement-dataset/Engaged/engaged/0410.jpg,0,Active!!,Frustrated,0.25,Not Engaged
30,../input/studentengagement/Student-engagement-dataset/Engaged/engaged/0008.jpg,0,Active!!,Frustrated,0.25,Not Engaged
31,../input/studentengagement/Student-engagement-dataset/Engaged/engaged/0318.jpg,0,Active!!,Frustrated,0.25,Not Engaged
32,../input/studentengagement/Student-engagement-dataset/Engaged/engaged/0154.jpg,0,Active!!,Engaged,0.85,Engaged
33,../input/studentengagement/Student-engagement-dataset/Engaged/engaged/0429.jpg,0,Active!!,Frustrated,0.25,Not Engaged
34,../input/studentengagement/Student-engagement-dataset/Engaged/engaged/0061.jpg,0,Active!!,Engaged,0.85,Engaged
35,../input/studentengagement/Student-engagement-dataset/Engaged/engaged/0431.jpg,0,Active!!,Frustrated,0.25,Not Engaged
36,../input/studentengagement/Student-engagement-dataset/Engaged/engaged/0082.jpg,0,Active!!,Frustrated,0.25,Not Engaged
37,../input/studentengagement/Student-engagement-dataset/Engaged/engaged/0178.jpg,0,Active!!,Frustrated,0.25,Not Engaged
38,../input/studentengagement/Student-engagement-dataset/Engaged/engaged/0067.jpg,0,Active!!,Frustrated,0.25,Not Engaged
39,../input/studentengagement/Student-engagement-dataset/Engaged/engaged/0076.jpg,0,Active!!,Engaged,0.85,Engaged
40,../input/studentengagement/Student-engagement-dataset/Engaged/engaged/0175.jpg,0,Active!!,Frustrated,0.25,Not Engaged
41,../input/studentengagement/Student-engagement-dataset/Engaged/engaged/0403.jpg,0,Active!!,Frustrated,0.25,Not Engaged
42,../input/studentengagement/Student-engagement-dataset/Engaged/engaged/0331.jpg,0,Active!!,Engaged,0.85,Engaged
43,../input/studentengagement/Student-engagement-dataset/Engaged/engaged/0181.jpg,0,Active!!,Frustrated,0.25,Not Engaged
44,../input/studentengagement/Student-engagement-dataset/Engaged/engaged/0145.jpg,0,Active!!,Engaged,0.85,Engaged
45,../input/studentengagement/Student-engagement-dataset/Engaged/engaged/0252.jpg,0,Active!!,Frustrated,0.25,Not Engaged
46,../input/studentengagement/Student-engagement-dataset/Engaged/engaged/0302.jpg,0,Active!!,Frustrated,0.25,Not Engaged
47,../input/studentengagement/Student-engagement-dataset/Engaged/engaged/0065.jpg,0,Active!!,Frustrated,0.25,Not Engaged
48,../input/studentengagement/Student-engagement-dataset/Engaged/engaged/0140.jpg,0,Active!!,Engaged,0.85,Engaged
49,../input/studentengagement/Student-engagement-dataset/Engaged/engaged/0079.jpg,0,Active!!,Engaged,0.85,Engaged
50,../input/studentengagement/Student-engagement-dataset/Engaged/engaged/0271.jpg,0,Active!!,Engaged,0.85,Engaged
51,../input/studentengagement/Student-engagement-dataset/Engaged/engaged/0005.jpg,0,Active!!,Frustrated,0.25,Not Engaged
52,../input/studentengagement/Student-engagement-dataset/Engaged/engaged/0405.jpg,0,Active!!,Frustrated,0.25,Not Engaged
53,../input/studentengagement/Student-engagement-dataset/Engaged/engaged/0323.jpg,0,Active!!,Frustrated,0.25,Not Engaged
54,../input/studentengagement/Student-engagement-dataset/Engaged/engaged/0433.jpg,0,Active!!,Frustrated,0.25,Not Engaged
55,../input/studentengagement/Student-engagement-dataset/Engaged/engaged/0415.jpg,0,Active!!,Frustrated,0.25,Not Engaged
56,../input/studentengagement/Student-engagement-dataset/Engaged/engaged/0289.jpg,0,Active!!,Frustrated,0.25,Not Engaged
57,../input/studentengagement/Student-engagement-dataset/Engaged/engaged/0387.jpg,0,Active!!,Frustrated,0.25,Not Engaged
58,../input/studentengagement/Student-engagement-dataset/Engaged/engaged/0132.jpg,0,Active!!,Confused,0.5,Not Engaged
59,../input/studentengagement/Student-engagement-dataset/Engaged/engaged/0380.jpg,0,Active!!,Confused,0.5,Not Engaged
60,../input/studentengagement/Student-engagement-dataset/Engaged/engaged/0386.jpg,0,Active!!,Engaged,0.85,Engaged
61,../input/studentengagement/Student-engagement-dataset/Engaged/engaged/0369.jpg,0,Active!!,Engaged,0.85,Engaged
62,../input/studentengagement/Student-engagement-dataset/Engaged/engaged/0439.jpg,0,Active!!,Engaged,0.85,Engaged
63,../input/studentengagement/Student-engagement-dataset/Engaged/engaged/0247.jpg,0,Active!!,Engaged,0.85,Engaged
64,../input/studentengagement/Student-engagement-dataset/Engaged/engaged/0423.jpg,0,Active!!,Engaged,0.85,Engaged
65,../input/studentengagement/Student-engagement-dataset/Engaged/engaged/0424.jpg,0,Active!!,Engaged,0.85,Engaged
66,../input/studentengagement/Student-engagement-dataset/Engaged/engaged/0226.jpg,0,Active!!,Confused,0.5,Not Engaged
67,../input/studentengagement/Student-engagement-dataset/Engaged/engaged/0282.jpg,0,Active!!,Frustrated,0.25,Not Engaged
68,../input/studentengagement/Student-engagement-dataset/Engaged/engaged/0009.jpg,0,Active!!,Frustrated,0.25,Not Engaged
69,../input/studentengagement/Student-engagement-dataset/Engaged/engaged/0432.jpg,0,Active!!,Frustrated,0.25,Not Engaged
70,../input/studentengagement/Student-engagement-dataset/Engaged/engaged/0438.jpg,0,Active!!,Engaged,0.85,Engaged
71,../input/studentengagement/Student-engagement-dataset/Engaged/engaged/0320.jpg,0,Active!!,Engaged,0.85,Engaged
72,../input/studentengagement/Student-engagement-dataset/Engaged/engaged/0279.jpg,0,Active!!,Engaged,0.85,Engaged
73,../input/studentengagement/Student-engagement-dataset/Engaged/engaged/0146.jpg,0,Active!!,Engaged,0.85,Engaged
74,../input/studentengagement/Student-engagement-dataset/Engaged/engaged/0237.jpg,0,Active!!,Frustrated,0.25,Not Engaged
75,../input/studentengagement/Student-engagement-dataset/Engaged/engaged/0268.jpg,0,Active!!,Engaged,0.85,Engaged
76,../input/studentengagement/Student-engagement-dataset/Engaged/engaged/0377.jpg,0,Active!!,Frustrated,0.25,Not Engaged
77,../input/studentengagement/Student-engagement-dataset/Engaged/engaged/0292.jpg,0,Active!!,Frustrated,0.25,Not Engaged
78,../input/studentengagement/Student-engagement-dataset/Engaged/engaged/0238.jpg,0,Active!!,Frustrated,0.25,Not Engaged
79,../input/studentengagement/Student-engagement-dataset/Engaged/engaged/0290.jpg,0,Active!!,Engaged,0.85,Engaged
80,../input/studentengagement/Student-engagement-dataset/Engaged/engaged/0214.jpg,0,Active!!,Engaged,0.85,Engaged
81,../input/studentengagement/Student-engagement-dataset/Engaged/engaged/0454.jpg,0,Active!!,Engaged,0.85,Engaged
82,../input/studentengagement/Student-engagement-dataset/Engaged/engaged/0169.jpg,0,Active!!,Engaged,0.85,Engaged
83,../input/studentengagement/Student-engagement-dataset/Engaged/engaged/0402.jpg,0,Active!!,Frustrated,0.25,Not Engaged
84,../input/studentengagement/Student-engagement-dataset/Engaged/engaged/0421.jpg,0,Active!!,Frustrated,0.25,Not Engaged
85,../input/studentengagement/Student-engagement-dataset/Engaged/engaged/0068.jpg,0,Active!!,Frustrated,0.25,Not Engaged
86,../input/studentengagement/Student-engagement-dataset/Engaged/engaged/0228.jpg,0,Active!!,Engaged,0.85,Engaged
87,../input/studentengagement/Student-engagement-dataset/Engaged/engaged/0300.jpg,0,Active!!,Engaged,0.85,Engaged
88,../input/studentengagement/Student-engagement-dataset/Engaged/engaged/0261.jpg,0,Active!!,Engaged,0.85,Engaged
89,../input/studentengagement/Student-engagement-dataset/Engaged/engaged/0277.jpg,0,Active!!,Engaged,0.85,Engaged
90,../input/studentengagement/Student-engagement-dataset/Engaged/engaged/0457.jpg,0,Active!!,Engaged,0.85,Engaged
91,../input/studentengagement/Student-engagement-dataset/Engaged/engaged/0455.jpg,0,Active!!,Frustrated,0.25,Not Engaged
92,../input/studentengagement/Student-engagement-dataset/Engaged/engaged/0370.jpg,0,Active!!,Frustrated,0.25,Not Engaged
93,../input/studentengagement/Student-engagement-dataset/Engaged/engaged/0135.jpg,0,Active!!,Engaged,0.85,Engaged
94,../input/studentengagement/Student-engagement-dataset/Engaged/engaged/0136.jpg,0,Active!!,Engaged,0.85,Engaged
95,../input/studentengagement/Student-engagement-dataset/Engaged/engaged/0350.jpg,0,Active!!,Confused,0.5,Not Engaged
96,../input/studentengagement/Student-engagement-dataset/Engaged/engaged/0351.jpg,0,Active!!,Confused,0.5,Not Engaged
97,../input/studentengagement/Student-engagement-dataset/Engaged/engaged/0345.jpg,0,Active!!,Confused,0.5,Not Engaged
98,../input/studentengagement/Student-engagement-dataset/Engaged/engaged/0440.jpg,0,Active!!,Frustrated,0.25,Not Engaged
99,../input/studentengagement/Student-engagement-dataset/Engaged/engaged/0315.jpg,0,Active!!,Frustrated,0.25,Not Engaged
100,../input/studentengagement/Student-engagement-dataset/Engaged/engaged/0376.jpg,0,Active!!,Frustrated,0.25,Not Engaged
101,../input/studentengagement/Student-engagement-dataset/Engaged/engaged/0250.jpg,0,Active!!,Frustrated,0.25,Not Engaged
102,../input/studentengagement/Student-engagement-dataset/Engaged/engaged/0435.jpg,0,Active!!,Frustrated,0.25,Not Engaged
103,../input/studentengagement/Student-engagement-dataset/Engaged/engaged/0002.jpg,0,Active!!,Engaged,0.85,Engaged
104,../input/studentengagement/Student-engagement-dataset/Engaged/engaged/0348.jpg,0,Active!!,Confused,0.5,Not Engaged
105,../input/studentengagement/Student-engagement-dataset/Engaged/engaged/0347.jpg,0,Active!!,Confused,0.5,Not Engaged
106,../input/studentengagement/Student-engagement-dataset/Engaged/engaged/0442.jpg,0,Active!!,Frustrated,0.25,Not Engaged
107,../input/studentengagement/Student-engagement-dataset/Engaged/engaged/0381.jpg,0,Active!!,Frustrated,0.25,Not Engaged
108,../input/studentengagement/Student-engagement-dataset/Engaged/engaged/0312.jpg,0,Active!!,Frustrated,0.25,Not Engaged
109,../input/studentengagement/Student-engagement-dataset/Engaged/engaged/0003.jpg,0,Active!!,Frustrated,0.25,Not Engaged
110,../input/studentengagement/Student-engagement-dataset/Engaged/engaged/0147.jpg,0,Active!!,Engaged,0.85,Engaged
111,../input/studentengagement/Student-engagement-dataset/Engaged/engaged/0010.jpg,0,Active!!,Frustrated,0.25,Not Engaged
112,../input/studentengagement/Student-engagement-dataset/Engaged/engaged/0390.jpg,0,Active!!,Frustrated,0.25,Not Engaged
113,../input/studentengagement/Student-engagement-dataset/Engaged/engaged/0413.jpg,0,Active!!,Frustrated,0.25,Not Engaged
114,../input/studentengagement/Student-engagement-dataset/Engaged/engaged/0333.jpg,0,Active!!,Frustrated,0.25,Not Engaged
115,../input/studentengagement/Student-engagement-dataset/Engaged/engaged/0213.jpg,0,Active!!,Frustrated,0.25,Not Engaged
116,../input/studentengagement/Student-engagement-dataset/Engaged/engaged/0452.jpg,0,Active!!,Frustrated,0.25,Not Engaged
117,../input/studentengagement/Student-engagement-dataset/Engaged/engaged/0258.jpg,0,Active!!,Frustrated,0.25,Not Engaged
118,../input/studentengagement/Student-engagement-dataset/Engaged/engaged/0416.jpg,0,Active!!,Frustrated,0.25,Not Engaged
119,../input/studentengagement/Student-engagement-dataset/Engaged/engaged/0259.jpg,0,Active!!,Frustrated,0.25,Not Engaged
120,../input/studentengagement/Student-engagement-dataset/Engaged/engaged/0422.jpg,0,Active!!,Frustrated,0.25,Not Engaged
121,../input/studentengagement/Student-engagement-dataset/Engaged/engaged/0465.jpg,0,Active!!,Frustrated,0.25,Not Engaged
122,../input/studentengagement/Student-engagement-dataset/Engaged/engaged/0460.jpg,0,Active!!,Frustrated,0.25,Not Engaged
123,../input/studentengagement/Student-engagement-dataset/Engaged/engaged/0398.jpg,0,Active!!,Frustrated,0.25,Not Engaged
124,../input/studentengagement/Student-engagement-dataset/Engaged/engaged/0341.jpg,0,Active!!,Confused,0.5,Not Engaged
125,../input/studentengagement/Student-engagement-dataset/Engaged/engaged/0441.jpg,0,Active!!,Frustrated,0.25,Not Engaged
126,../input/studentengagement/Student-engagement-dataset/Engaged/engaged/0362.jpg,0,Active!!,Frustrated,0.25,Not Engaged
127,../input/studentengagement/Student-engagement-dataset/Engaged/engaged/0131.jpg,0,Active!!,Engaged,0.85,Engaged
128,../input/studentengagement/Student-engagement-dataset/Engaged/engaged/0334.jpg,0,Active!!,Engaged,0.85,Engaged
129,../input/studentengagement/Student-engagement-dataset/Engaged/engaged/0349.jpg,0,Active!!,Confused,0.5,Not Engaged
130,../input/studentengagement/Student-engagement-dataset/Engaged/engaged/0260.jpg,0,Active!!,Frustrated,0.25,Not Engaged
131,../input/studentengagement/Student-engagement-dataset/Engaged/engaged/0264.jpg,0,Active!!,Frustrated,0.25,Not Engaged
132,../input/studentengagement/Student-engagement-dataset/Engaged/engaged/0456.jpg,0,Active!!,Frustrated,0.25,Not Engaged
133,../input/studentengagement/Student-engagement-dataset/Engaged/engaged/0434.jpg,0,Active!!,Frustrated,0.25,Not Engaged
134,../input/studentengagement/Student-engagement-dataset/Engaged/engaged/0151.jpg,0,Active!!,Engaged,0.85,Engaged
135,../input/studentengagement/Student-engagement-dataset/Engaged/engaged/0363.jpg,0,Active!!,Frustrated,0.25,Not Engaged
136,../input/studentengagement/Student-engagement-dataset/Engaged/engaged/0179.jpg,0,Active!!,Frustrated,0.25,Not Engaged
137,../input/studentengagement/Student-engagement-dataset/Engaged/engaged/0232.jpg,0,Active!!,Frustrated,0.25,Not Engaged
138,../input/studentengagement/Student-engagement-dataset/Engaged/engaged/0266.jpg,0,Active!!,Engaged,0.85,Engaged
139,../input/studentengagement/Student-engagement-dataset/Engaged/engaged/0262.jpg,0,Active!!,Frustrated,0.25,Not Engaged
140,../input/studentengagement/Student-engagement-dataset/Engaged/engaged/0314.jpg,0,Active!!,Frustrated,0.25,Not Engaged
141,../input/studentengagement/Student-engagement-dataset/Engaged/engaged/0075.jpg,0,Active!!,Frustrated,0.25,Not Engaged
142,../input/studentengagement/Student-engagement-dataset/Engaged/engaged/0134.jpg,1,Active!!,Engaged,1,Engaged
143,../input/studentengagement/Student-engagement-dataset/Engaged/engaged/0073.jpg,0,Active!!,Engaged,0.85,Engaged
144,../input/studentengagement/Student-engagement-dataset/Engaged/engaged/0243.jpg,0,Active!!,Frustrated,0.25,Not Engaged
145,../input/studentengagement/Student-engagement-dataset/Engaged/engaged/0338.jpg,0,Active!!,Frustrated,0.25,Not Engaged
146,../input/studentengagement/Student-engagement-dataset/Engaged/engaged/0299.jpg,0,Active!!,Engaged,0.85,Engaged
147,../input/studentengagement/Student-engagement-dataset/Engaged/engaged/0354.jpg,0,Active!!,Confused,0.5,Not Engaged
148,../input/studentengagement/Student-engagement-dataset/Engaged/engaged/0172.jpg,0,Active!!,Frustrated,0.25,Not Engaged
149,../input/studentengagement/Student-engagement-dataset/Engaged/engaged/0182.jpg,0,Active!!,Frustrated,0.25,Not Engaged
150,../input/studentengagement/Student-engagement-dataset/Engaged/engaged/0409.jpg,0,Active!!,Frustrated,0.25,Not Engaged
151,../input/studentengagement/Student-engagement-dataset/Engaged/engaged/0083.jpg,0,Active!!,Frustrated,0.25,Not Engaged
152,../input/studentengagement/Student-engagement-dataset/Engaged/engaged/0144.jpg,1,Active!!,Frustrated,0.4,Not Engaged
153,../input/studentengagement/Student-engagement-dataset/Engaged/engaged/0062.jpg,0,Active!!,Engaged,0.85,Engaged
154,../input/studentengagement/Student-engagement-dataset/Engaged/engaged/0308.jpg,0,Active!!,Frustrated,0.25,Not Engaged
155,../input/studentengagement/Student-engagement-dataset/Engaged/engaged/0158.jpg,0,Active!!,Engaged,0.85,Engaged
156,../input/studentengagement/Student-engagement-dataset/Engaged/engaged/0316.jpg,0,Active!!,Frustrated,0.25,Not Engaged
157,../input/studentengagement/Student-engagement-dataset/Engaged/engaged/0295.jpg,0,Active!!,Frustrated,0.25,Not Engaged
158,../input/studentengagement/Student-engagement-dataset/Engaged/engaged/0458.jpg,0,Active!!,Frustrated,0.25,Not Engaged
159,../input/studentengagement/Student-engagement-dataset/Engaged/engaged/0304.jpg,0,Active!!,Frustrated,0.25,Not Engaged
160,../input/studentengagement/Student-engagement-dataset/Engaged/engaged/0278.jpg,0,Active!!,Frustrated,0.25,Not Engaged
161,../input/studentengagement/Student-engagement-dataset/Engaged/engaged/0303.jpg,0,Active!!,Frustrated,0.25,Not Engaged
162,../input/studentengagement/Student-engagement-dataset/Engaged/engaged/0064.jpg,0,Active!!,Frustrated,0.25,Not Engaged
163,../input/studentengagement/Student-engagement-dataset/Engaged/engaged/0227.jpg,0,Active!!,Confused,0.5,Not Engaged
164,../input/studentengagement/Student-engagement-dataset/Engaged/engaged/0352.jpg,0,Active!!,Confused,0.5,Not Engaged
165,../input/studentengagement/Student-engagement-dataset/Engaged/engaged/0143.jpg,0,Active!!,Engaged,0.85,Engaged
166,../input/studentengagement/Student-engagement-dataset/Engaged/engaged/0148.jpg,0,Active!!,Frustrated,0.25,Not Engaged
167,../input/studentengagement/Student-engagement-dataset/Engaged/engaged/0313.jpg,0,Active!!,Frustrated,0.25,Not Engaged
168,../input/studentengagement/Student-engagement-dataset/Engaged/engaged/0466.jpg,0,Active!!,Frustrated,0.25,Not Engaged
169,../input/studentengagement/Student-engagement-dataset/Engaged/engaged/0328.jpg,0,Active!!,Engaged,0.85,Engaged
170,../input/studentengagement/Student-engagement-dataset/Engaged/engaged/0160.jpg,0,Active!!,Frustrated,0.25,Not Engaged
171,../input/studentengagement/Student-engagement-dataset/Engaged/engaged/0081.jpg,0,Active!!,Frustrated,0.25,Not Engaged
172,../input/studentengagement/Student-engagement-dataset/Engaged/engaged/0451.jpg,0,Active!!,Frustrated,0.25,Not Engaged
173,../input/studentengagement/Student-engagement-dataset/Engaged/engaged/0254.jpg,0,Active!!,Frustrated,0.25,Not Engaged
174,../input/studentengagement/Student-engagement-dataset/Engaged/engaged/0153.jpg,0,Active!!,Engaged,0.85,Engaged
175,../input/studentengagement/Student-engagement-dataset/Engaged/engaged/0321.jpg,0,Active!!,Frustrated,0.25,Not Engaged
176,../input/studentengagement/Student-engagement-dataset/Engaged/engaged/0217.jpg,0,Active!!,Engaged,0.85,Engaged
177,../input/studentengagement/Student-engagement-dataset/Engaged/engaged/0063.jpg,0,Active!!,Frustrated,0.25,Not Engaged
178,../input/studentengagement/Student-engagement-dataset/Engaged/engaged/0059.jpg,0,Active!!,Frustrated,0.25,Not Engaged
179,../input/studentengagement/Student-engagement-dataset/Engaged/engaged/0383.jpg,0,Active!!,Frustrated,0.25,Not Engaged
180,../input/studentengagement/Student-engagement-dataset/Engaged/engaged/0280.jpg,0,Active!!,Frustrated,0.25,Not Engaged
181,../input/studentengagement/Student-engagement-dataset/Engaged/engaged/0407.jpg,0,Active!!,Frustrated,0.25,Not Engaged
182,../input/studentengagement/Student-engagement-dataset/Engaged/engaged/0139.jpg,0,Active!!,Engaged,0.85,Engaged
183,../input/studentengagement/Student-engagement-dataset/Engaged/engaged/0309.jpg,0,Active!!,Frustrated,0.25,Not Engaged
184,../input/studentengagement/Student-engagement-dataset/Engaged/engaged/0447.jpg,0,Active!!,Frustrated,0.25,Not Engaged
185,../input/studentengagement/Student-engagement-dataset/Engaged/engaged/0133.jpg,0,Active!!,Engaged,0.85,Engaged
186,../input/studentengagement/Student-engagement-dataset/Engaged/engaged/0219.jpg,0,Active!!,Engaged,0.85,Engaged
187,../input/studentengagement/Student-engagement-dataset/Engaged/engaged/0159.jpg,0,Active!!,Frustrated,0.25,Not Engaged
188,../input/studentengagement/Student-engagement-dataset/Engaged/engaged/0080.jpg,0,Active!!,Frustrated,0.25,Not Engaged
189,../input/studentengagement/Student-engagement-dataset/Engaged/engaged/0142.jpg,0,Active!!,Engaged,0.85,Engaged
190,../input/studentengagement/Student-engagement-dataset/Engaged/engaged/0161.jpg,0,Active!!,Engaged,0.85,Engaged
191,../input/studentengagement/Student-engagement-dataset/Engaged/engaged/0242.jpg,0,Active!!,Frustrated,0.25,Not Engaged
192,../input/studentengagement/Student-engagement-dataset/Engaged/engaged/0216.jpg,0,Active!!,Frustrated,0.25,Not Engaged
193,../input/studentengagement/Student-engagement-dataset/Engaged/engaged/0311.jpg,0,Active!!,Frustrated,0.25,Not Engaged
194,../input/studentengagement/Student-engagement-dataset/Engaged/engaged/0221.jpg,0,Active!!,Confused,0.5,Not Engaged
195,../input/studentengagement/Student-engagement-dataset/Engaged/engaged/0379.jpg,0,Active!!,Confused,0.5,Not Engaged
196,../input/studentengagement/Student-engagement-dataset/Engaged/engaged/0137.jpg,1,Active!!,Engaged,1,Engaged
197,../input/studentengagement/Student-engagement-dataset/Engaged/engaged/0353.jpg,0,Active!!,Confused,0.5,Not Engaged
198,../input/studentengagement/Student-engagement-dataset/Engaged/engaged/0177.jpg,0,Active!!,Frustrated,0.25,Not Engaged
199,../input/studentengagement/Student-engagement-dataset/Engaged/engaged/0233.jpg,0,Active!!,Frustrated,0.25,Not Engaged
200,../input/studentengagement/Student-engagement-dataset/Engaged/engaged/0430.jpg,0,Active!!,Frustrated,0.25,Not Engaged
201,../input/studentengagement/Student-engagement-dataset/Engaged/engaged/0367.jpg,0,Active!!,Confused,0.5,Not Engaged
202,../input/studentengagement/Student-engagement-dataset/Engaged/engaged/0366.jpg,0,Active!!,Confused,0.5,Not Engaged
203,../input/studentengagement/Student-engagement-dataset/Engaged/engaged/0395.jpg,0,Active!!,Frustrated,0.25,Not Engaged
204,../input/studentengagement/Student-engagement-dataset/Engaged/engaged/0222.jpg,0,Active!!,Confused,0.5,Not Engaged
205,../input/studentengagement/Student-engagement-dataset/Engaged/engaged/0265.jpg,0,Active!!,Frustrated,0.25,Not Engaged
206,../input/studentengagement/Student-engagement-dataset/Engaged/engaged/0183.jpg,0,Active!!,Frustrated,0.25,Not Engaged
207,../input/studentengagement/Student-engagement-dataset/Engaged/engaged/0294.jpg,0,Active!!,Frustrated,0.25,Not Engaged
208,../input/studentengagement/Student-engagement-dataset/Engaged/engaged/0166.jpg,0,Active!!,Frustrated,0.25,Not Engaged
209,../input/studentengagement/Student-engagement-dataset/Engaged/engaged/0162.jpg,0,Active!!,Frustrated,0.25,Not Engaged
210,../input/studentengagement/Student-engagement-dataset/Engaged/engaged/0461.jpg,0,Active!!,Frustrated,0.25,Not Engaged
211,../input/studentengagement/Student-engagement-dataset/Engaged/engaged/0393.jpg,0,Active!!,Engaged,0.85,Engaged
212,../input/studentengagement/Student-engagement-dataset/Engaged/engaged/0373.jpg,0,Active!!,Frustrated,0.25,Not Engaged
213,../input/studentengagement/Student-engagement-dataset/Engaged/engaged/0251.jpg,0,Active!!,Frustrated,0.25,Not Engaged
214,../input/studentengagement/Student-engagement-dataset/Engaged/engaged/0346.jpg,0,Active!!,Confused,0.5,Not Engaged
215,../input/studentengagement/Student-engagement-dataset/Engaged/engaged/0224.jpg,0,Active!!,Confused,0.5,Not Engaged
216,../input/studentengagement/Student-engagement-dataset/Engaged/engaged/0249.jpg,0,Active!!,Frustrated,0.25,Not Engaged
217,../input/studentengagement/Student-engagement-dataset/Engaged/engaged/0293.jpg,0,Active!!,Frustrated,0.25,Not Engaged
218,../input/studentengagement/Student-engagement-dataset/Engaged/engaged/0446.jpg,0,Active!!,Frustrated,0.25,Not Engaged
219,../input/studentengagement/Student-engagement-dataset/Engaged/engaged/0270.jpg,0,Active!!,Engaged,0.85,Engaged
220,../input/studentengagement/Student-engagement-dataset/Engaged/engaged/0173.jpg,0,Active!!,Frustrated,0.25,Not Engaged
221,../input/studentengagement/Student-engagement-dataset/Engaged/engaged/0368.jpg,0,Active!!,Frustrated,0.25,Not Engaged
222,../input/studentengagement/Student-engagement-dataset/Engaged/engaged/0157.jpg,0,Active!!,Engaged,0.85,Engaged
223,../input/studentengagement/Student-engagement-dataset/Engaged/engaged/0388.jpg,0,Active!!,Frustrated,0.25,Not Engaged
224,../input/studentengagement/Student-engagement-dataset/Engaged/engaged/0296.jpg,0,Active!!,Frustrated,0.25,Not Engaged
225,../input/studentengagement/Student-engagement-dataset/Engaged/engaged/0392.jpg,0,Active!!,Engaged,0.85,Engaged
226,../input/studentengagement/Student-engagement-dataset/Engaged/engaged/0163.jpg,0,Active!!,Engaged,0.85,Engaged
227,../input/studentengagement/Student-engagement-dataset/Engaged/engaged/0417.jpg,0,Active!!,Frustrated,0.25,Not Engaged
228,../input/studentengagement/Student-engagement-dataset/Engaged/engaged/0459.jpg,0,Active!!,Frustrated,0.25,Not Engaged
229,../input/studentengagement/Student-engagement-dataset/Engaged/engaged/0449.jpg,0,Active!!,Frustrated,0.25,Not Engaged
230,../input/studentengagement/Student-engagement-dataset/Engaged/engaged/0394.jpg,0,Active!!,Engaged,0.85,Engaged
231,../input/studentengagement/Student-engagement-dataset/Engaged/engaged/0397.jpg,0,Active!!,Frustrated,0.25,Not Engaged
232,../input/studentengagement/Student-engagement-dataset/Engaged/engaged/0164.jpg,0,Active!!,Frustrated,0.25,Not Engaged
233,../input/studentengagement/Student-engagement-dataset/Engaged/engaged/0419.jpg,0,Active!!,Frustrated,0.25,Not Engaged
234,../input/studentengagement/Student-engagement-dataset/Engaged/engaged/0287.jpg,0,Active!!,Engaged,0.85,Engaged
235,../input/studentengagement/Student-engagement-dataset/Engaged/engaged/0071.jpg,0,Active!!,Frustrated,0.25,Not Engaged
236,../input/studentengagement/Student-engagement-dataset/Engaged/engaged/0306.jpg,0,Active!!,Frustrated,0.25,Not Engaged
237,../input/studentengagement/Student-engagement-dataset/Engaged/engaged/0244.jpg,0,Active!!,Frustrated,0.25,Not Engaged
238,../input/studentengagement/Student-engagement-dataset/Engaged/engaged/0361.jpg,0,Active!!,Frustrated,0.25,Not Engaged
239,../input/studentengagement/Student-engagement-dataset/Engaged/engaged/0322.jpg,0,Active!!,Frustrated,0.25,Not Engaged
240,../input/studentengagement/Student-engagement-dataset/Engaged/engaged/0253.jpg,0,Active!!,Frustrated,0.25,Not Engaged
241,../input/studentengagement/Student-engagement-dataset/Engaged/engaged/0414.jpg,0,Active!!,Frustrated,0.25,Not Engaged
242,../input/studentengagement/Student-engagement-dataset/Engaged/engaged/0241.jpg,0,Active!!,Frustrated,0.25,Not Engaged
243,../input/studentengagement/Student-engagement-dataset/Engaged/engaged/0230.jpg,0,Active!!,Frustrated,0.25,Not Engaged
244,../input/studentengagement/Student-engagement-dataset/Engaged/engaged/0310.jpg,0,Active!!,Frustrated,0.25,Not Engaged
245,../input/studentengagement/Student-engagement-dataset/Engaged/engaged/0411.jpg,0,Active!!,Frustrated,0.25,Not Engaged
246,../input/studentengagement/Student-engagement-dataset/Engaged/engaged/0152.jpg,0,Active!!,Engaged,0.85,Engaged
247,../input/studentengagement/Student-engagement-dataset/Engaged/engaged/0220.jpg,0,Active!!,Engaged,0.85,Engaged
248,../input/studentengagement/Student-engagement-dataset/Engaged/engaged/0215.jpg,0,Active!!,Frustrated,0.25,Not Engaged
249,../input/studentengagement/Student-engagement-dataset/Engaged/engaged/0060.jpg,0,Active!!,Engaged,0.85,Engaged
250,../input/studentengagement/Student-engagement-dataset/Engaged/engaged/0305.jpg,0,Active!!,Frustrated,0.25,Not Engaged
251,../input/studentengagement/Student-engagement-dataset/Engaged/engaged/0069.jpg,0,Active!!,Frustrated,0.25,Not Engaged
252,../input/studentengagement/Student-engagement-dataset/Engaged/engaged/0276.jpg,0,Active!!,Frustrated,0.25,Not Engaged
253,../input/studentengagement/Student-engagement-dataset/Engaged/engaged/0256.jpg,0,Active!!,Frustrated,0.25,Not Engaged
254,../input/studentengagement/Student-engagement-dataset/Engaged/engaged/0326.jpg,0,Active!!,Frustrated,0.25,Not Engaged
255,../input/studentengagement/Student-engagement-dataset/Engaged/engaged/0324.jpg,0,Active!!,Frustrated,0.25,Not Engaged
256,../input/studentengagement/Student-engagement-dataset/Engaged/engaged/0218.jpg,0,Active!!,Engaged,0.85,Engaged
257,../input/studentengagement/Student-engagement-dataset/Engaged/engaged/0332.jpg,0,Active!!,Frustrated,0.25,Not Engaged
258,../input/studentengagement/Student-engagement-dataset/Engaged/engaged/0340.jpg,0,Active!!,Confused,0.5,Not Engaged
259,../input/studentengagement/Student-engagement-dataset/Engaged/engaged/0004.jpg,0,Active!!,Frustrated,0.25,Not Engaged
260,../input/studentengagement/Student-engagement-dataset/Engaged/engaged/0356.jpg,0,Active!!,Confused,0.5,Not Engaged
261,../input/studentengagement/Student-engagement-dataset/Engaged/engaged/0149.jpg,0,Active!!,Frustrated,0.25,Not Engaged
262,../input/studentengagement/Student-engagement-dataset/Engaged/engaged/0174.jpg,0,Active!!,Frustrated,0.25,Not Engaged
263,../input/studentengagement/Student-engagement-dataset/Engaged/engaged/0463.jpg,0,Active!!,Frustrated,0.25,Not Engaged
264,../input/studentengagement/Student-engagement-dataset/Engaged/engaged/0396.jpg,0,Active!!,Frustrated,0.25,Not Engaged
265,../input/studentengagement/Student-engagement-dataset/Engaged/engaged/0257.jpg,0,Active!!,Frustrated,0.25,Not Engaged
266,../input/studentengagement/Student-engagement-dataset/Engaged/engaged/0072.jpg,0,Active!!,Frustrated,0.25,Not Engaged
267,../input/studentengagement/Student-engagement-dataset/Engaged/engaged/0066.jpg,0,Active!!,Frustrated,0.25,Not Engaged
268,../input/studentengagement/Student-engagement-dataset/Engaged/engaged/0267.jpg,0,Active!!,Engaged,0.85,Engaged
269,../input/studentengagement/Student-engagement-dataset/Engaged/engaged/0359.jpg,0,Active!!,Confused,0.5,Not Engaged
270,../input/studentengagement/Student-engagement-dataset/Engaged/engaged/0329.jpg,0,Active!!,Frustrated,0.25,Not Engaged
271,../input/studentengagement/Student-engagement-dataset/Engaged/engaged/0384.jpg,0,Active!!,Frustrated,0.25,Not Engaged
272,../input/studentengagement/Student-engagement-dataset/Engaged/engaged/0301.jpg,0,Active!!,Frustrated,0.25,Not Engaged
273,../input/studentengagement/Student-engagement-dataset/Engaged/engaged/0365.jpg,0,Active!!,Engaged,0.85,Engaged
274,../input/studentengagement/Student-engagement-dataset/Engaged/engaged/0462.jpg,0,Active!!,Frustrated,0.25,Not Engaged
275,../input/studentengagement/Student-engagement-dataset/Engaged/engaged/0428.jpg,0,Active!!,Frustrated,0.25,Not Engaged
276,../input/studentengagement/Student-engagement-dataset/Engaged/engaged/0445.jpg,0,Active!!,Frustrated,0.25,Not Engaged
277,../input/studentengagement/Student-engagement-dataset/Engaged/engaged/0418.jpg,0,Active!!,Frustrated,0.25,Not Engaged
278,../input/studentengagement/Student-engagement-dataset/Engaged/engaged/0298.jpg,0,Active!!,Engaged,0.85,Engaged
279,../input/studentengagement/Student-engagement-dataset/Engaged/engaged/0150.jpg,0,Active!!,Engaged,0.85,Engaged
280,../input/studentengagement/Student-engagement-dataset/Engaged/engaged/0385.jpg,0,Active!!,Frustrated,0.25,Not Engaged
281,../input/studentengagement/Student-engagement-dataset/Engaged/engaged/0360.jpg,0,Active!!,Confused,0.5,Not Engaged
282,../input/studentengagement/Student-engagement-dataset/Engaged/engaged/0336.jpg,0,Active!!,Engaged,0.85,Engaged
283,../input/studentengagement/Student-engagement-dataset/Engaged/engaged/0427.jpg,0,Active!!,Frustrated,0.25,Not Engaged
284,../input/studentengagement/Student-engagement-dataset/Engaged/engaged/0283.jpg,0,Active!!,Engaged,0.85,Engaged
285,../input/studentengagement/Student-engagement-dataset/Engaged/engaged/0231.jpg,0,Active!!,Frustrated,0.25,Not Engaged
286,../input/studentengagement/Student-engagement-dataset/Engaged/engaged/0420.jpg,0,Active!!,Frustrated,0.25,Not Engaged
287,../input/studentengagement/Student-engagement-dataset/Engaged/engaged/0138.jpg,0,Active!!,Engaged,0.85,Engaged
288,../input/studentengagement/Student-engagement-dataset/Engaged/engaged/0464.jpg,0,Active!!,Frustrated,0.25,Not Engaged
289,../input/studentengagement/Student-engagement-dataset/Engaged/engaged/0343.jpg,0,Active!!,Confused,0.5,Not Engaged
290,../input/studentengagement/Student-engagement-dataset/Engaged/engaged/0453.jpg,0,Active!!,Frustrated,0.25,Not Engaged
291,../input/studentengagement/Student-engagement-dataset/Engaged/engaged/0212.jpg,0,Active!!,Frustrated,0.25,Not Engaged
292,../input/studentengagement/Student-engagement-dataset/Engaged/engaged/0286.jpg,0,Active!!,Frustrated,0.25,Not Engaged
293,../input/studentengagement/Student-engagement-dataset/Engaged/engaged/0399.jpg,0,Active!!,Frustrated,0.25,Not Engaged
294,../input/studentengagement/Student-engagement-dataset/Engaged/engaged/0317.jpg,0,Active!!,Frustrated,0.25,Not Engaged
295,../input/studentengagement/Student-engagement-dataset/Engaged/engaged/0248.jpg,0,Active!!,Frustrated,0.25,Not Engaged
296,../input/studentengagement/Student-engagement-dataset/Engaged/engaged/0342.jpg,0,Active!!,Confused,0.5,Not Engaged
297,../input/studentengagement/Student-engagement-dataset/Engaged/engaged/0225.jpg,0,Active!!,Confused,0.5,Not Engaged
298,../input/studentengagement/Student-engagement-dataset/Engaged/engaged/0156.jpg,0,Active!!,Engaged,0.85,Engaged
299,../input/studentengagement/Student-engagement-dataset/Engaged/engaged/0084.jpg,0,Active!!,Confused,0.5,Not Engaged
300,../input/studentengagement/Student-engagement-dataset/Engaged/engaged/0374.jpg,0,Active!!,Frustrated,0.25,Not Engaged
301,../input/studentengagement/Student-engagement-dataset/Engaged/engaged/0401.jpg,0,Active!!,Frustrated,0.25,Not Engaged
302,../input/studentengagement/Student-engagement-dataset/Engaged/engaged/0167.jpg,0,Active!!,Engaged,0.85,Engaged
303,../input/studentengagement/Student-engagement-dataset/Engaged/engaged/0229.jpg,0,Active!!,Frustrated,0.25,Not Engaged
304,../input/studentengagement/Student-engagement-dataset/Engaged/engaged/0223.jpg,0,Active!!,Confused,0.5,Not Engaged
305,../input/studentengagement/Student-engagement-dataset/Engaged/engaged/0358.jpg,0,Active!!,Confused,0.5,Not Engaged
306,../input/studentengagement/Student-engagement-dataset/Engaged/engaged/0382.jpg,0,Active!!,Frustrated,0.25,Not Engaged
307,../input/studentengagement/Student-engagement-dataset/Engaged/engaged/0467.jpg,0,Active!!,Frustrated,0.25,Not Engaged
308,../input/studentengagement/Student-engagement-dataset/Engaged/engaged/0325.jpg,0,Active!!,Frustrated,0.25,Not Engaged
309,../input/studentengagement/Student-engagement-dataset/Engaged/engaged/0319.jpg,0,Active!!,Frustrated,0.25,Not Engaged
310,../input/studentengagement/Student-engagement-dataset/Engaged/engaged/0344.jpg,0,Active!!,Confused,0.5,Not Engaged
311,../input/studentengagement/Student-engagement-dataset/Engaged/engaged/0339.jpg,0,Active!!,Confused,0.5,Not Engaged
312,../input/studentengagement/Student-engagement-dataset/Engaged/engaged/0263.jpg,0,Active!!,Engaged,0.85,Engaged
313,../input/studentengagement/Student-engagement-dataset/Engaged/engaged/0275.jpg,0,Active!!,Frustrated,0.25,Not Engaged
314,../input/studentengagement/Student-engagement-dataset/Engaged/engaged/0389.jpg,0,Active!!,Frustrated,0.25,Not Engaged
315,../input/studentengagement/Student-engagement-dataset/Engaged/engaged/0007.jpg,0,Active!!,Frustrated,0.25,Not Engaged
316,../input/studentengagement/Student-engagement-dataset/Engaged/engaged/0180.jpg,0,Active!!,Frustrated,0.25,Not Engaged
317,../input/studentengagement/Student-engagement-dataset/Engaged/engaged/0437.jpg,0,Active!!,Frustrated,0.25,Not Engaged
318,../input/studentengagement/Student-engagement-dataset/Engaged/engaged/0288.jpg,0,Active!!,Engaged,0.85,Engaged
319,../input/studentengagement/Student-engagement-dataset/Engaged/engaged/0297.jpg,0,Active!!,Frustrated,0.25,Not Engaged
320,../input/studentengagement/Student-engagement-dataset/Engaged/engaged/0236.jpg,0,Active!!,Frustrated,0.25,Not Engaged
321,../input/studentengagement/Student-engagement-dataset/Engaged/engaged/0378.jpg,0,Active!!,Frustrated,0.25,Not Engaged
322,../input/studentengagement/Student-engagement-dataset/Engaged/engaged/0291.jpg,0,Active!!,Frustrated,0.25,Not Engaged
323,../input/studentengagement/Student-engagement-dataset/Engaged/engaged/0234.jpg,0,Active!!,Frustrated,0.25,Not Engaged
324,../input/studentengagement/Student-engagement-dataset/Engaged/engaged/0408.jpg,0,Active!!,Frustrated,0.25,Not Engaged
325,../input/studentengagement/Student-engagement-dataset/Engaged/engaged/0400.jpg,0,Active!!,Frustrated,0.25,Not Engaged
326,../input/studentengagement/Student-engagement-dataset/Engaged/engaged/0406.jpg,0,Active!!,Frustrated,0.25,Not Engaged
327,../input/studentengagement/Student-engagement-dataset/Engaged/engaged/0412.jpg,0,Active!!,Frustrated,0.25,Not Engaged
328,../input/studentengagement/Student-engagement-dataset/Engaged/engaged/0425.jpg,0,Active!!,Frustrated,0.25,Not Engaged
329,../input/studentengagement/Student-engagement-dataset/Engaged/engaged/0274.jpg,0,Active!!,Engaged,0.85,Engaged
330,../input/studentengagement/Student-engagement-dataset/Engaged/engaged/0335.jpg,0,Active!!,Engaged,0.85,Engaged
331,../input/studentengagement/Student-engagement-dataset/Engaged/engaged/0281.jpg,0,Active!!,Frustrated,0.25,Not Engaged
332,../input/studentengagement/Student-engagement-dataset/Engaged/engaged/0284.jpg,0,Active!!,Frustrated,0.25,Not Engaged
333,../input/studentengagement/Student-engagement-dataset/Engaged/engaged/0245.jpg,1,Active!!,Frustrated,0.4,Not Engaged
334,../input/studentengagement/Student-engagement-dataset/Engaged/engaged/0239.jpg,1,Active!!,Frustrated,0.4,Not Engaged
335,../input/studentengagement/Student-engagement-dataset/Engaged/engaged/0448.jpg,0,Active!!,Frustrated,0.25,Not Engaged
336,../input/studentengagement/Student-engagement-dataset/Engaged/engaged/0330.jpg,0,Active!!,Frustrated,0.25,Not Engaged
337,../input/studentengagement/Student-engagement-dataset/Engaged/engaged/0272.jpg,0,Active!!,Engaged,0.85,Engaged
338,../input/studentengagement/Student-engagement-dataset/Engaged/engaged/0168.jpg,0,Active!!,Frustrated,0.25,Not Engaged
339,../input/studentengagement/Student-engagement-dataset/Engaged/engaged/0357.jpg,0,Active!!,Confused,0.5,Not Engaged
340,../input/studentengagement/Student-engagement-dataset/Engaged/engaged/0170.jpg,0,Active!!,Frustrated,0.25,Not Engaged
341,../input/studentengagement/Student-engagement-dataset/Engaged/engaged/0371.jpg,0,Active!!,Frustrated,0.25,Not Engaged
342,../input/studentengagement/Student-engagement-dataset/Engaged/engaged/0443.jpg,0,Active!!,Frustrated,0.25,Not Engaged
343,../input/studentengagement/Student-engagement-dataset/Engaged/engaged/0001.jpg,0,Active!!,Engaged,0.85,Engaged
344,../input/studentengagement/Student-engagement-dataset/Engaged/engaged/0176.jpg,0,Active!!,Engaged,0.85,Engaged
345,../input/studentengagement/Student-engagement-dataset/Engaged/engaged/0391.jpg,0,Active!!,Engaged,0.85,Engaged
346,../input/studentengagement/Student-engagement-dataset/Engaged/engaged/0269.jpg,0,Active!!,Frustrated,0.25,Not Engaged
