,image,head_pose,drowsiness,emotion,label,result
0,../input/studentengagement/Student-engagement-dataset/Not engaged/Looking Away/0106.jpg,0.0,Active!!,Confused,0.5,Not Engaged
1,../input/studentengagement/Student-engagement-dataset/Not engaged/Looking Away/0375.jpg,,Active!!,Bored,0.0,Not Engaged
2,../input/studentengagement/Student-engagement-dataset/Not engaged/Looking Away/0285.jpg,0.0,Active!!,Confused,0.5,Not Engaged
3,../input/studentengagement/Student-engagement-dataset/Not engaged/Looking Away/0074.jpg,0.0,Active!!,Confused,0.5,Not Engaged
4,../input/studentengagement/Student-engagement-dataset/Not engaged/Looking Away/0077.jpg,0.0,Active!!,Confused,0.5,Not Engaged
5,../input/studentengagement/Student-engagement-dataset/Not engaged/Looking Away/0426.jpg,0.0,Active!!,Confused,0.5,Not Engaged
6,../input/studentengagement/Student-engagement-dataset/Not engaged/Looking Away/0235.jpg,0.0,Active!!,Confused,0.5,Not Engaged
7,../input/studentengagement/Student-engagement-dataset/Not engaged/Looking Away/0273.jpg,0.0,Active!!,Confused,0.5,Not Engaged
8,../input/studentengagement/Student-engagement-dataset/Not engaged/Looking Away/0444.jpg,0.0,Active!!,Confused,0.5,Not Engaged
9,../input/studentengagement/Student-engagement-dataset/Not engaged/Looking Away/0058.jpg,0.0,Active!!,Bored,0.0,Not Engaged
10,../input/studentengagement/Student-engagement-dataset/Not engaged/Looking Away/0255.jpg,0.0,Active!!,Confused,0.5,Not Engaged
11,../input/studentengagement/Student-engagement-dataset/Not engaged/Looking Away/0128.jpg,0.0,Active!!,Confused,0.5,Not Engaged
12,../input/studentengagement/Student-engagement-dataset/Not engaged/Looking Away/0364.jpg,0.0,Active!!,Engaged,0.85,Engaged
13,../input/studentengagement/Student-engagement-dataset/Not engaged/Looking Away/0246.jpg,0.0,Active!!,Confused,0.5,Not Engaged
14,../input/studentengagement/Student-engagement-dataset/Not engaged/Looking Away/0337.jpg,0.0,Active!!,Confused,0.5,Not Engaged
15,../input/studentengagement/Student-engagement-dataset/Not engaged/Looking Away/0208.jpg,0.0,Active!!,Confused,0.5,Not Engaged
16,../input/studentengagement/Student-engagement-dataset/Not engaged/Looking Away/0141.jpg,0.0,Active!!,Confused,0.5,Not Engaged
17,../input/studentengagement/Student-engagement-dataset/Not engaged/Looking Away/0474.jpg,0.0,Active!!,Confused,0.5,Not Engaged
18,../input/studentengagement/Student-engagement-dataset/Not engaged/Looking Away/0372.jpg,,Active!!,Bored,0.0,Not Engaged
19,../input/studentengagement/Student-engagement-dataset/Not engaged/Looking Away/0053.jpg,0.0,Active!!,Confused,0.5,Not Engaged
20,../input/studentengagement/Student-engagement-dataset/Not engaged/Looking Away/0355.jpg,0.0,Active!!,Engaged,0.85,Engaged
21,../input/studentengagement/Student-engagement-dataset/Not engaged/Looking Away/0203.jpg,0.0,Active!!,Confused,0.5,Not Engaged
22,../input/studentengagement/Student-engagement-dataset/Not engaged/Looking Away/0006.jpg,0.0,Active!!,Confused,0.5,Not Engaged
23,../input/studentengagement/Student-engagement-dataset/Not engaged/Looking Away/0070.jpg,0.0,Active!!,Confused,0.5,Not Engaged
24,../input/studentengagement/Student-engagement-dataset/Not engaged/Looking Away/0436.jpg,0.0,Active!!,Confused,0.5,Not Engaged
25,../input/studentengagement/Student-engagement-dataset/Not engaged/Looking Away/0092.jpg,0.0,Active!!,Confused,0.5,Not Engaged
26,../input/studentengagement/Student-engagement-dataset/Not engaged/Looking Away/0057.jpg,0.0,Active!!,Confused,0.5,Not Engaged
27,../input/studentengagement/Student-engagement-dataset/Not engaged/Looking Away/0450.jpg,0.0,Active!!,Confused,0.5,Not Engaged
28,../input/studentengagement/Student-engagement-dataset/Not engaged/Looking Away/0240.jpg,0.0,Active!!,Confused,0.5,Not Engaged
29,../input/studentengagement/Student-engagement-dataset/Not engaged/Looking Away/0044.jpg,0.0,Active!!,Bored,0.0,Not Engaged
30,../input/studentengagement/Student-engagement-dataset/Not engaged/Looking Away/0078.jpg,0.0,Active!!,Confused,0.5,Not Engaged
31,../input/studentengagement/Student-engagement-dataset/Not engaged/Looking Away/0091.jpg,0.0,Active!!,Confused,0.5,Not Engaged
32,../input/studentengagement/Student-engagement-dataset/Not engaged/Looking Away/0011.jpg,0.0,Active!!,Confused,0.5,Not Engaged
33,../input/studentengagement/Student-engagement-dataset/Not engaged/Looking Away/0404.jpg,0.0,Active!!,Bored,0.0,Not Engaged
34,../input/studentengagement/Student-engagement-dataset/Not engaged/Looking Away/0171.jpg,0.0,Active!!,Confused,0.5,Not Engaged
35,../input/studentengagement/Student-engagement-dataset/Not engaged/Looking Away/0410.jpg,0.0,Active!!,Bored,0.0,Not Engaged
36,../input/studentengagement/Student-engagement-dataset/Not engaged/Looking Away/0184.jpg,0.0,Active!!,Confused,0.5,Not Engaged
37,../input/studentengagement/Student-engagement-dataset/Not engaged/Looking Away/0056.jpg,0.0,Active!!,Confused,0.5,Not Engaged
38,../input/studentengagement/Student-engagement-dataset/Not engaged/Looking Away/0019.jpg,0.0,Active!!,Confused,0.5,Not Engaged
39,../input/studentengagement/Student-engagement-dataset/Not engaged/Looking Away/0008.jpg,0.0,Active!!,Confused,0.5,Not Engaged
40,../input/studentengagement/Student-engagement-dataset/Not engaged/Looking Away/0429.jpg,0.0,Active!!,Confused,0.5,Not Engaged
41,../input/studentengagement/Student-engagement-dataset/Not engaged/Looking Away/0116.jpg,0.0,Active!!,Confused,0.5,Not Engaged
42,../input/studentengagement/Student-engagement-dataset/Not engaged/Looking Away/0061.jpg,0.0,Active!!,Frustrated,0.25,Not Engaged
43,../input/studentengagement/Student-engagement-dataset/Not engaged/Looking Away/0431.jpg,0.0,Active!!,Confused,0.5,Not Engaged
44,../input/studentengagement/Student-engagement-dataset/Not engaged/Looking Away/0082.jpg,0.0,Active!!,Confused,0.5,Not Engaged
45,../input/studentengagement/Student-engagement-dataset/Not engaged/Looking Away/0207.jpg,0.0,Active!!,Confused,0.5,Not Engaged
46,../input/studentengagement/Student-engagement-dataset/Not engaged/Looking Away/0178.jpg,0.0,Active!!,Confused,0.5,Not Engaged
47,../input/studentengagement/Student-engagement-dataset/Not engaged/Looking Away/0107.jpg,0.0,Active!!,Confused,0.5,Not Engaged
48,../input/studentengagement/Student-engagement-dataset/Not engaged/Looking Away/0067.jpg,0.0,Active!!,Bored,0.0,Not Engaged
49,../input/studentengagement/Student-engagement-dataset/Not engaged/Looking Away/0027.jpg,0.0,Active!!,Confused,0.5,Not Engaged
50,../input/studentengagement/Student-engagement-dataset/Not engaged/Looking Away/0076.jpg,0.0,Active!!,Confused,0.5,Not Engaged
51,../input/studentengagement/Student-engagement-dataset/Not engaged/Looking Away/0175.jpg,0.0,Active!!,Confused,0.5,Not Engaged
52,../input/studentengagement/Student-engagement-dataset/Not engaged/Looking Away/0403.jpg,0.0,Active!!,Bored,0.0,Not Engaged
53,../input/studentengagement/Student-engagement-dataset/Not engaged/Looking Away/0026.jpg,0.0,Active!!,Confused,0.5,Not Engaged
54,../input/studentengagement/Student-engagement-dataset/Not engaged/Looking Away/0021.jpg,0.0,Active!!,Confused,0.5,Not Engaged
55,../input/studentengagement/Student-engagement-dataset/Not engaged/Looking Away/0181.jpg,0.0,Active!!,Confused,0.5,Not Engaged
56,../input/studentengagement/Student-engagement-dataset/Not engaged/Looking Away/0145.jpg,0.0,Active!!,Confused,0.5,Not Engaged
57,../input/studentengagement/Student-engagement-dataset/Not engaged/Looking Away/0252.jpg,0.0,Active!!,Engaged,0.85,Engaged
58,../input/studentengagement/Student-engagement-dataset/Not engaged/Looking Away/0065.jpg,0.0,Active!!,Confused,0.5,Not Engaged
59,../input/studentengagement/Student-engagement-dataset/Not engaged/Looking Away/0140.jpg,0.0,Active!!,Confused,0.5,Not Engaged
60,../input/studentengagement/Student-engagement-dataset/Not engaged/Looking Away/0079.jpg,0.0,Active!!,Confused,0.5,Not Engaged
61,../input/studentengagement/Student-engagement-dataset/Not engaged/Looking Away/0271.jpg,0.0,Active!!,Confused,0.5,Not Engaged
62,../input/studentengagement/Student-engagement-dataset/Not engaged/Looking Away/0005.jpg,0.0,Active!!,Confused,0.5,Not Engaged
63,../input/studentengagement/Student-engagement-dataset/Not engaged/Looking Away/0042.jpg,0.0,Active!!,Bored,0.0,Not Engaged
64,../input/studentengagement/Student-engagement-dataset/Not engaged/Looking Away/0490.jpg,0.0,Active!!,Confused,0.5,Not Engaged
65,../input/studentengagement/Student-engagement-dataset/Not engaged/Looking Away/0405.jpg,0.0,Active!!,Bored,0.0,Not Engaged
66,../input/studentengagement/Student-engagement-dataset/Not engaged/Looking Away/0433.jpg,0.0,Active!!,Confused,0.5,Not Engaged
67,../input/studentengagement/Student-engagement-dataset/Not engaged/Looking Away/0415.jpg,0.0,Active!!,Confused,0.5,Not Engaged
68,../input/studentengagement/Student-engagement-dataset/Not engaged/Looking Away/0040.jpg,0.0,Active!!,Bored,0.0,Not Engaged
69,../input/studentengagement/Student-engagement-dataset/Not engaged/Looking Away/0094.jpg,0.0,Active!!,Confused,0.5,Not Engaged
70,../input/studentengagement/Student-engagement-dataset/Not engaged/Looking Away/0289.jpg,0.0,Active!!,Confused,0.5,Not Engaged
71,../input/studentengagement/Student-engagement-dataset/Not engaged/Looking Away/0387.jpg,,Active!!,Bored,0.0,Not Engaged
72,../input/studentengagement/Student-engagement-dataset/Not engaged/Looking Away/0132.jpg,0.0,Active!!,Confused,0.5,Not Engaged
73,../input/studentengagement/Student-engagement-dataset/Not engaged/Looking Away/0380.jpg,,Active!!,Confused,0.5,Not Engaged
74,../input/studentengagement/Student-engagement-dataset/Not engaged/Looking Away/0386.jpg,,Active!!,Bored,0.0,Not Engaged
75,../input/studentengagement/Student-engagement-dataset/Not engaged/Looking Away/0369.jpg,,Active!!,Confused,0.5,Not Engaged
76,../input/studentengagement/Student-engagement-dataset/Not engaged/Looking Away/0439.jpg,0.0,Active!!,Confused,0.5,Not Engaged
77,../input/studentengagement/Student-engagement-dataset/Not engaged/Looking Away/0247.jpg,0.0,Active!!,Confused,0.5,Not Engaged
78,../input/studentengagement/Student-engagement-dataset/Not engaged/Looking Away/0423.jpg,0.0,Active!!,Confused,0.5,Not Engaged
79,../input/studentengagement/Student-engagement-dataset/Not engaged/Looking Away/0475.jpg,0.0,Active!!,Confused,0.5,Not Engaged
80,../input/studentengagement/Student-engagement-dataset/Not engaged/Looking Away/0424.jpg,0.0,Active!!,Confused,0.5,Not Engaged
81,../input/studentengagement/Student-engagement-dataset/Not engaged/Looking Away/0226.jpg,0.0,Active!!,Confused,0.5,Not Engaged
82,../input/studentengagement/Student-engagement-dataset/Not engaged/Looking Away/0282.jpg,0.0,Active!!,Bored,0.0,Not Engaged
83,../input/studentengagement/Student-engagement-dataset/Not engaged/Looking Away/0009.jpg,0.0,Active!!,Confused,0.5,Not Engaged
84,../input/studentengagement/Student-engagement-dataset/Not engaged/Looking Away/0432.jpg,0.0,Active!!,Confused,0.5,Not Engaged
85,../input/studentengagement/Student-engagement-dataset/Not engaged/Looking Away/0438.jpg,0.0,Active!!,Confused,0.5,Not Engaged
86,../input/studentengagement/Student-engagement-dataset/Not engaged/Looking Away/0023.jpg,0.0,Active!!,Confused,0.5,Not Engaged
87,../input/studentengagement/Student-engagement-dataset/Not engaged/Looking Away/0046.jpg,0.0,Active!!,Bored,0.0,Not Engaged
88,../input/studentengagement/Student-engagement-dataset/Not engaged/Looking Away/0279.jpg,0.0,Active!!,Confused,0.5,Not Engaged
89,../input/studentengagement/Student-engagement-dataset/Not engaged/Looking Away/0146.jpg,0.0,Active!!,Confused,0.5,Not Engaged
90,../input/studentengagement/Student-engagement-dataset/Not engaged/Looking Away/0237.jpg,0.0,Active!!,Confused,0.5,Not Engaged
91,../input/studentengagement/Student-engagement-dataset/Not engaged/Looking Away/0268.jpg,0.0,Active!!,Bored,0.0,Not Engaged
92,../input/studentengagement/Student-engagement-dataset/Not engaged/Looking Away/0377.jpg,,Active!!,Bored,0.0,Not Engaged
93,../input/studentengagement/Student-engagement-dataset/Not engaged/Looking Away/0292.jpg,0.0,Active!!,Confused,0.5,Not Engaged
94,../input/studentengagement/Student-engagement-dataset/Not engaged/Looking Away/0055.jpg,0.0,Active!!,Confused,0.5,Not Engaged
95,../input/studentengagement/Student-engagement-dataset/Not engaged/Looking Away/0238.jpg,0.0,Active!!,Confused,0.5,Not Engaged
96,../input/studentengagement/Student-engagement-dataset/Not engaged/Looking Away/0290.jpg,0.0,Active!!,Engaged,0.85,Engaged
97,../input/studentengagement/Student-engagement-dataset/Not engaged/Looking Away/0031.jpg,0.0,Active!!,Confused,0.5,Not Engaged
98,../input/studentengagement/Student-engagement-dataset/Not engaged/Looking Away/0093.jpg,0.0,Active!!,Confused,0.5,Not Engaged
99,../input/studentengagement/Student-engagement-dataset/Not engaged/Looking Away/0214.jpg,0.0,Active!!,Confused,0.5,Not Engaged
100,../input/studentengagement/Student-engagement-dataset/Not engaged/Looking Away/0454.jpg,0.0,Active!!,Confused,0.5,Not Engaged
101,../input/studentengagement/Student-engagement-dataset/Not engaged/Looking Away/0169.jpg,1.0,Active!!,Confused,0.65,Engaged
102,../input/studentengagement/Student-engagement-dataset/Not engaged/Looking Away/0402.jpg,0.0,Active!!,Confused,0.5,Not Engaged
103,../input/studentengagement/Student-engagement-dataset/Not engaged/Looking Away/0421.jpg,0.0,Active!!,Confused,0.5,Not Engaged
104,../input/studentengagement/Student-engagement-dataset/Not engaged/Looking Away/0068.jpg,0.0,Active!!,Bored,0.0,Not Engaged
105,../input/studentengagement/Student-engagement-dataset/Not engaged/Looking Away/0228.jpg,0.0,Active!!,Confused,0.5,Not Engaged
106,../input/studentengagement/Student-engagement-dataset/Not engaged/Looking Away/0110.jpg,0.0,Active!!,Confused,0.5,Not Engaged
107,../input/studentengagement/Student-engagement-dataset/Not engaged/Looking Away/0032.jpg,0.0,Active!!,Confused,0.5,Not Engaged
108,../input/studentengagement/Student-engagement-dataset/Not engaged/Looking Away/0195.jpg,0.0,Active!!,Confused,0.5,Not Engaged
109,../input/studentengagement/Student-engagement-dataset/Not engaged/Looking Away/0261.jpg,0.0,Active!!,Confused,0.5,Not Engaged
110,../input/studentengagement/Student-engagement-dataset/Not engaged/Looking Away/0277.jpg,0.0,Active!!,Engaged,0.85,Engaged
111,../input/studentengagement/Student-engagement-dataset/Not engaged/Looking Away/0457.jpg,0.0,Active!!,Confused,0.5,Not Engaged
112,../input/studentengagement/Student-engagement-dataset/Not engaged/Looking Away/0455.jpg,0.0,Active!!,Confused,0.5,Not Engaged
113,../input/studentengagement/Student-engagement-dataset/Not engaged/Looking Away/0370.jpg,,Active!!,Confused,0.5,Not Engaged
114,../input/studentengagement/Student-engagement-dataset/Not engaged/Looking Away/0135.jpg,0.0,Active!!,Confused,0.5,Not Engaged
115,../input/studentengagement/Student-engagement-dataset/Not engaged/Looking Away/0136.jpg,0.0,Active!!,Confused,0.5,Not Engaged
116,../input/studentengagement/Student-engagement-dataset/Not engaged/Looking Away/0350.jpg,0.0,Active!!,Confused,0.5,Not Engaged
117,../input/studentengagement/Student-engagement-dataset/Not engaged/Looking Away/0111.jpg,0.0,Active!!,Confused,0.5,Not Engaged
118,../input/studentengagement/Student-engagement-dataset/Not engaged/Looking Away/0188.jpg,0.0,Active!!,Confused,0.5,Not Engaged
119,../input/studentengagement/Student-engagement-dataset/Not engaged/Looking Away/0193.jpg,0.0,Active!!,Confused,0.5,Not Engaged
120,../input/studentengagement/Student-engagement-dataset/Not engaged/Looking Away/0351.jpg,0.0,Active!!,Engaged,0.85,Engaged
121,../input/studentengagement/Student-engagement-dataset/Not engaged/Looking Away/0345.jpg,0.0,Active!!,Confused,0.5,Not Engaged
122,../input/studentengagement/Student-engagement-dataset/Not engaged/Looking Away/0440.jpg,0.0,Active!!,Confused,0.5,Not Engaged
123,../input/studentengagement/Student-engagement-dataset/Not engaged/Looking Away/0376.jpg,,Active!!,Bored,0.0,Not Engaged
124,../input/studentengagement/Student-engagement-dataset/Not engaged/Looking Away/0117.jpg,0.0,Active!!,Confused,0.5,Not Engaged
125,../input/studentengagement/Student-engagement-dataset/Not engaged/Looking Away/0250.jpg,0.0,Active!!,Confused,0.5,Not Engaged
126,../input/studentengagement/Student-engagement-dataset/Not engaged/Looking Away/0435.jpg,0.0,Active!!,Confused,0.5,Not Engaged
127,../input/studentengagement/Student-engagement-dataset/Not engaged/Looking Away/0002.jpg,0.0,Active!!,Confused,0.5,Not Engaged
128,../input/studentengagement/Student-engagement-dataset/Not engaged/Looking Away/0018.jpg,0.0,Active!!,Confused,0.5,Not Engaged
129,../input/studentengagement/Student-engagement-dataset/Not engaged/Looking Away/0348.jpg,0.0,Active!!,Confused,0.5,Not Engaged
130,../input/studentengagement/Student-engagement-dataset/Not engaged/Looking Away/0347.jpg,0.0,Active!!,Confused,0.5,Not Engaged
131,../input/studentengagement/Student-engagement-dataset/Not engaged/Looking Away/0442.jpg,0.0,Active!!,Confused,0.5,Not Engaged
132,../input/studentengagement/Student-engagement-dataset/Not engaged/Looking Away/0381.jpg,,Active!!,Confused,0.5,Not Engaged
133,../input/studentengagement/Student-engagement-dataset/Not engaged/Looking Away/0089.jpg,0.0,Active!!,Confused,0.5,Not Engaged
134,../input/studentengagement/Student-engagement-dataset/Not engaged/Looking Away/0017.jpg,0.0,Active!!,Confused,0.5,Not Engaged
135,../input/studentengagement/Student-engagement-dataset/Not engaged/Looking Away/0003.jpg,0.0,Active!!,Confused,0.5,Not Engaged
136,../input/studentengagement/Student-engagement-dataset/Not engaged/Looking Away/0010.jpg,0.0,Active!!,Confused,0.5,Not Engaged
137,../input/studentengagement/Student-engagement-dataset/Not engaged/Looking Away/0390.jpg,0.0,Active!!,Bored,0.0,Not Engaged
138,../input/studentengagement/Student-engagement-dataset/Not engaged/Looking Away/0413.jpg,0.0,Active!!,Confused,0.5,Not Engaged
139,../input/studentengagement/Student-engagement-dataset/Not engaged/Looking Away/0052.jpg,0.0,Active!!,Confused,0.5,Not Engaged
140,../input/studentengagement/Student-engagement-dataset/Not engaged/Looking Away/0213.jpg,0.0,Active!!,Confused,0.5,Not Engaged
141,../input/studentengagement/Student-engagement-dataset/Not engaged/Looking Away/0452.jpg,0.0,Active!!,Confused,0.5,Not Engaged
142,../input/studentengagement/Student-engagement-dataset/Not engaged/Looking Away/0258.jpg,0.0,Active!!,Confused,0.5,Not Engaged
143,../input/studentengagement/Student-engagement-dataset/Not engaged/Looking Away/0416.jpg,0.0,Active!!,Confused,0.5,Not Engaged
144,../input/studentengagement/Student-engagement-dataset/Not engaged/Looking Away/0259.jpg,0.0,Active!!,Confused,0.5,Not Engaged
145,../input/studentengagement/Student-engagement-dataset/Not engaged/Looking Away/0422.jpg,0.0,Active!!,Confused,0.5,Not Engaged
146,../input/studentengagement/Student-engagement-dataset/Not engaged/Looking Away/0465.jpg,0.0,Active!!,Confused,0.5,Not Engaged
147,../input/studentengagement/Student-engagement-dataset/Not engaged/Looking Away/0460.jpg,0.0,Active!!,Confused,0.5,Not Engaged
148,../input/studentengagement/Student-engagement-dataset/Not engaged/Looking Away/0398.jpg,0.0,Active!!,Confused,0.5,Not Engaged
149,../input/studentengagement/Student-engagement-dataset/Not engaged/Looking Away/0341.jpg,0.0,Active!!,Confused,0.5,Not Engaged
150,../input/studentengagement/Student-engagement-dataset/Not engaged/Looking Away/0441.jpg,0.0,Active!!,Confused,0.5,Not Engaged
151,../input/studentengagement/Student-engagement-dataset/Not engaged/Looking Away/0120.jpg,0.0,Active!!,Confused,0.5,Not Engaged
152,../input/studentengagement/Student-engagement-dataset/Not engaged/Looking Away/0209.jpg,0.0,Active!!,Confused,0.5,Not Engaged
153,../input/studentengagement/Student-engagement-dataset/Not engaged/Looking Away/0119.jpg,0.0,Active!!,Confused,0.5,Not Engaged
154,../input/studentengagement/Student-engagement-dataset/Not engaged/Looking Away/0362.jpg,0.0,Active!!,Bored,0.0,Not Engaged
155,../input/studentengagement/Student-engagement-dataset/Not engaged/Looking Away/0025.jpg,0.0,Active!!,Confused,0.5,Not Engaged
156,../input/studentengagement/Student-engagement-dataset/Not engaged/Looking Away/0013.jpg,0.0,Active!!,Confused,0.5,Not Engaged
157,../input/studentengagement/Student-engagement-dataset/Not engaged/Looking Away/0131.jpg,0.0,Active!!,Confused,0.5,Not Engaged
158,../input/studentengagement/Student-engagement-dataset/Not engaged/Looking Away/0349.jpg,0.0,Active!!,Confused,0.5,Not Engaged
159,../input/studentengagement/Student-engagement-dataset/Not engaged/Looking Away/0260.jpg,0.0,Active!!,Confused,0.5,Not Engaged
160,../input/studentengagement/Student-engagement-dataset/Not engaged/Looking Away/0022.jpg,0.0,Active!!,Confused,0.5,Not Engaged
161,../input/studentengagement/Student-engagement-dataset/Not engaged/Looking Away/0264.jpg,0.0,Active!!,Bored,0.0,Not Engaged
162,../input/studentengagement/Student-engagement-dataset/Not engaged/Looking Away/0456.jpg,0.0,Active!!,Confused,0.5,Not Engaged
163,../input/studentengagement/Student-engagement-dataset/Not engaged/Looking Away/0434.jpg,0.0,Active!!,Confused,0.5,Not Engaged
164,../input/studentengagement/Student-engagement-dataset/Not engaged/Looking Away/0468.jpg,0.0,Active!!,Confused,0.5,Not Engaged
165,../input/studentengagement/Student-engagement-dataset/Not engaged/Looking Away/0363.jpg,0.0,Active!!,Bored,0.0,Not Engaged
166,../input/studentengagement/Student-engagement-dataset/Not engaged/Looking Away/0179.jpg,0.0,Active!!,Confused,0.5,Not Engaged
167,../input/studentengagement/Student-engagement-dataset/Not engaged/Looking Away/0020.jpg,0.0,Active!!,Confused,0.5,Not Engaged
168,../input/studentengagement/Student-engagement-dataset/Not engaged/Looking Away/0232.jpg,0.0,Active!!,Confused,0.5,Not Engaged
169,../input/studentengagement/Student-engagement-dataset/Not engaged/Looking Away/0266.jpg,0.0,Active!!,Bored,0.0,Not Engaged
170,../input/studentengagement/Student-engagement-dataset/Not engaged/Looking Away/0262.jpg,0.0,Active!!,Confused,0.5,Not Engaged
171,../input/studentengagement/Student-engagement-dataset/Not engaged/Looking Away/0102.jpg,0.0,Active!!,Confused,0.5,Not Engaged
172,../input/studentengagement/Student-engagement-dataset/Not engaged/Looking Away/0126.jpg,0.0,Active!!,Confused,0.5,Not Engaged
173,../input/studentengagement/Student-engagement-dataset/Not engaged/Looking Away/0049.jpg,0.0,Active!!,Frustrated,0.25,Not Engaged
174,../input/studentengagement/Student-engagement-dataset/Not engaged/Looking Away/0075.jpg,0.0,Active!!,Confused,0.5,Not Engaged
175,../input/studentengagement/Student-engagement-dataset/Not engaged/Looking Away/0134.jpg,0.0,Active!!,Confused,0.5,Not Engaged
176,../input/studentengagement/Student-engagement-dataset/Not engaged/Looking Away/0073.jpg,0.0,Active!!,Confused,0.5,Not Engaged
177,../input/studentengagement/Student-engagement-dataset/Not engaged/Looking Away/0480.jpg,0.0,Active!!,Confused,0.5,Not Engaged
178,../input/studentengagement/Student-engagement-dataset/Not engaged/Looking Away/0489.jpg,0.0,Active!!,Confused,0.5,Not Engaged
179,../input/studentengagement/Student-engagement-dataset/Not engaged/Looking Away/0125.jpg,0.0,Active!!,Confused,0.5,Not Engaged
180,../input/studentengagement/Student-engagement-dataset/Not engaged/Looking Away/0041.jpg,0.0,Active!!,Bored,0.0,Not Engaged
181,../input/studentengagement/Student-engagement-dataset/Not engaged/Looking Away/0028.jpg,0.0,Active!!,Confused,0.5,Not Engaged
182,../input/studentengagement/Student-engagement-dataset/Not engaged/Looking Away/0121.jpg,0.0,Active!!,Confused,0.5,Not Engaged
183,../input/studentengagement/Student-engagement-dataset/Not engaged/Looking Away/0243.jpg,0.0,Active!!,Confused,0.5,Not Engaged
184,../input/studentengagement/Student-engagement-dataset/Not engaged/Looking Away/0338.jpg,0.0,Active!!,Confused,0.5,Not Engaged
185,../input/studentengagement/Student-engagement-dataset/Not engaged/Looking Away/0354.jpg,0.0,Active!!,Engaged,0.85,Engaged
186,../input/studentengagement/Student-engagement-dataset/Not engaged/Looking Away/0029.jpg,0.0,Active!!,Confused,0.5,Not Engaged
187,../input/studentengagement/Student-engagement-dataset/Not engaged/Looking Away/0172.jpg,0.0,Active!!,Bored,0.0,Not Engaged
188,../input/studentengagement/Student-engagement-dataset/Not engaged/Looking Away/0182.jpg,0.0,Active!!,Confused,0.5,Not Engaged
189,../input/studentengagement/Student-engagement-dataset/Not engaged/Looking Away/0196.jpg,0.0,Active!!,Confused,0.5,Not Engaged
190,../input/studentengagement/Student-engagement-dataset/Not engaged/Looking Away/0409.jpg,0.0,Active!!,Bored,0.0,Not Engaged
191,../input/studentengagement/Student-engagement-dataset/Not engaged/Looking Away/0083.jpg,0.0,Active!!,Confused,0.5,Not Engaged
192,../input/studentengagement/Student-engagement-dataset/Not engaged/Looking Away/0144.jpg,0.0,Active!!,Confused,0.5,Not Engaged
193,../input/studentengagement/Student-engagement-dataset/Not engaged/Looking Away/0486.jpg,0.0,Active!!,Confused,0.5,Not Engaged
194,../input/studentengagement/Student-engagement-dataset/Not engaged/Looking Away/0062.jpg,0.0,Active!!,Frustrated,0.25,Not Engaged
195,../input/studentengagement/Student-engagement-dataset/Not engaged/Looking Away/0043.jpg,0.0,Active!!,Bored,0.0,Not Engaged
196,../input/studentengagement/Student-engagement-dataset/Not engaged/Looking Away/0470.jpg,0.0,Active!!,Confused,0.5,Not Engaged
197,../input/studentengagement/Student-engagement-dataset/Not engaged/Looking Away/0295.jpg,0.0,Active!!,Confused,0.5,Not Engaged
198,../input/studentengagement/Student-engagement-dataset/Not engaged/Looking Away/0048.jpg,0.0,Active!!,Frustrated,0.25,Not Engaged
199,../input/studentengagement/Student-engagement-dataset/Not engaged/Looking Away/0458.jpg,0.0,Active!!,Confused,0.5,Not Engaged
200,../input/studentengagement/Student-engagement-dataset/Not engaged/Looking Away/0278.jpg,0.0,Active!!,Bored,0.0,Not Engaged
201,../input/studentengagement/Student-engagement-dataset/Not engaged/Looking Away/0485.jpg,0.0,Active!!,Confused,0.5,Not Engaged
202,../input/studentengagement/Student-engagement-dataset/Not engaged/Looking Away/0471.jpg,0.0,Active!!,Confused,0.5,Not Engaged
203,../input/studentengagement/Student-engagement-dataset/Not engaged/Looking Away/0014.jpg,0.0,Active!!,Confused,0.5,Not Engaged
204,../input/studentengagement/Student-engagement-dataset/Not engaged/Looking Away/0064.jpg,0.0,Active!!,Bored,0.0,Not Engaged
205,../input/studentengagement/Student-engagement-dataset/Not engaged/Looking Away/0097.jpg,0.0,Active!!,Confused,0.5,Not Engaged
206,../input/studentengagement/Student-engagement-dataset/Not engaged/Looking Away/0088.jpg,0.0,Active!!,Confused,0.5,Not Engaged
207,../input/studentengagement/Student-engagement-dataset/Not engaged/Looking Away/0227.jpg,0.0,Active!!,Confused,0.5,Not Engaged
208,../input/studentengagement/Student-engagement-dataset/Not engaged/Looking Away/0192.jpg,0.0,Active!!,Confused,0.5,Not Engaged
209,../input/studentengagement/Student-engagement-dataset/Not engaged/Looking Away/0352.jpg,0.0,Active!!,Engaged,0.85,Engaged
210,../input/studentengagement/Student-engagement-dataset/Not engaged/Looking Away/0143.jpg,0.0,Active!!,Confused,0.5,Not Engaged
211,../input/studentengagement/Student-engagement-dataset/Not engaged/Looking Away/0466.jpg,0.0,Active!!,Confused,0.5,Not Engaged
212,../input/studentengagement/Student-engagement-dataset/Not engaged/Looking Away/0081.jpg,0.0,Active!!,Confused,0.5,Not Engaged
213,../input/studentengagement/Student-engagement-dataset/Not engaged/Looking Away/0451.jpg,0.0,Active!!,Confused,0.5,Not Engaged
214,../input/studentengagement/Student-engagement-dataset/Not engaged/Looking Away/0254.jpg,0.0,Active!!,Confused,0.5,Not Engaged
215,../input/studentengagement/Student-engagement-dataset/Not engaged/Looking Away/0217.jpg,0.0,Active!!,Confused,0.5,Not Engaged
216,../input/studentengagement/Student-engagement-dataset/Not engaged/Looking Away/0063.jpg,0.0,Active!!,Frustrated,0.25,Not Engaged
217,../input/studentengagement/Student-engagement-dataset/Not engaged/Looking Away/0059.jpg,0.0,Active!!,Frustrated,0.25,Not Engaged
218,../input/studentengagement/Student-engagement-dataset/Not engaged/Looking Away/0383.jpg,,Active!!,Confused,0.5,Not Engaged
219,../input/studentengagement/Student-engagement-dataset/Not engaged/Looking Away/0280.jpg,0.0,Active!!,Bored,0.0,Not Engaged
220,../input/studentengagement/Student-engagement-dataset/Not engaged/Looking Away/0187.jpg,0.0,Active!!,Confused,0.5,Not Engaged
221,../input/studentengagement/Student-engagement-dataset/Not engaged/Looking Away/0407.jpg,0.0,Active!!,Bored,0.0,Not Engaged
222,../input/studentengagement/Student-engagement-dataset/Not engaged/Looking Away/0139.jpg,0.0,Active!!,Confused,0.5,Not Engaged
223,../input/studentengagement/Student-engagement-dataset/Not engaged/Looking Away/0191.jpg,0.0,Active!!,Confused,0.5,Not Engaged
224,../input/studentengagement/Student-engagement-dataset/Not engaged/Looking Away/0447.jpg,0.0,Active!!,Confused,0.5,Not Engaged
225,../input/studentengagement/Student-engagement-dataset/Not engaged/Looking Away/0133.jpg,0.0,Active!!,Confused,0.5,Not Engaged
226,../input/studentengagement/Student-engagement-dataset/Not engaged/Looking Away/0219.jpg,0.0,Active!!,Confused,0.5,Not Engaged
227,../input/studentengagement/Student-engagement-dataset/Not engaged/Looking Away/0105.jpg,0.0,Active!!,Confused,0.5,Not Engaged
228,../input/studentengagement/Student-engagement-dataset/Not engaged/Looking Away/0080.jpg,0.0,Active!!,Confused,0.5,Not Engaged
229,../input/studentengagement/Student-engagement-dataset/Not engaged/Looking Away/0142.jpg,0.0,Active!!,Confused,0.5,Not Engaged
230,../input/studentengagement/Student-engagement-dataset/Not engaged/Looking Away/0204.jpg,0.0,Active!!,Confused,0.5,Not Engaged
231,../input/studentengagement/Student-engagement-dataset/Not engaged/Looking Away/0242.jpg,0.0,Active!!,Confused,0.5,Not Engaged
232,../input/studentengagement/Student-engagement-dataset/Not engaged/Looking Away/0216.jpg,0.0,Active!!,Confused,0.5,Not Engaged
233,../input/studentengagement/Student-engagement-dataset/Not engaged/Looking Away/0473.jpg,0.0,Active!!,Confused,0.5,Not Engaged
234,../input/studentengagement/Student-engagement-dataset/Not engaged/Looking Away/0221.jpg,0.0,Active!!,Confused,0.5,Not Engaged
235,../input/studentengagement/Student-engagement-dataset/Not engaged/Looking Away/0484.jpg,0.0,Active!!,Confused,0.5,Not Engaged
236,../input/studentengagement/Student-engagement-dataset/Not engaged/Looking Away/0015.jpg,0.0,Active!!,Confused,0.5,Not Engaged
237,../input/studentengagement/Student-engagement-dataset/Not engaged/Looking Away/0379.jpg,,Active!!,Confused,0.5,Not Engaged
238,../input/studentengagement/Student-engagement-dataset/Not engaged/Looking Away/0137.jpg,0.0,Active!!,Confused,0.5,Not Engaged
239,../input/studentengagement/Student-engagement-dataset/Not engaged/Looking Away/0103.jpg,0.0,Active!!,Confused,0.5,Not Engaged
240,../input/studentengagement/Student-engagement-dataset/Not engaged/Looking Away/0353.jpg,0.0,Active!!,Engaged,0.85,Engaged
241,../input/studentengagement/Student-engagement-dataset/Not engaged/Looking Away/0185.jpg,0.0,Active!!,Confused,0.5,Not Engaged
242,../input/studentengagement/Student-engagement-dataset/Not engaged/Looking Away/0177.jpg,0.0,Active!!,Confused,0.5,Not Engaged
243,../input/studentengagement/Student-engagement-dataset/Not engaged/Looking Away/0233.jpg,0.0,Active!!,Confused,0.5,Not Engaged
244,../input/studentengagement/Student-engagement-dataset/Not engaged/Looking Away/0047.jpg,0.0,Active!!,Confused,0.5,Not Engaged
245,../input/studentengagement/Student-engagement-dataset/Not engaged/Looking Away/0430.jpg,0.0,Active!!,Confused,0.5,Not Engaged
246,../input/studentengagement/Student-engagement-dataset/Not engaged/Looking Away/0367.jpg,0.0,Active!!,Bored,0.0,Not Engaged
247,../input/studentengagement/Student-engagement-dataset/Not engaged/Looking Away/0114.jpg,0.0,Active!!,Confused,0.5,Not Engaged
248,../input/studentengagement/Student-engagement-dataset/Not engaged/Looking Away/0366.jpg,,Active!!,Bored,0.0,Not Engaged
249,../input/studentengagement/Student-engagement-dataset/Not engaged/Looking Away/0395.jpg,0.0,Active!!,Bored,0.0,Not Engaged
250,../input/studentengagement/Student-engagement-dataset/Not engaged/Looking Away/0201.jpg,0.0,Active!!,Confused,0.5,Not Engaged
251,../input/studentengagement/Student-engagement-dataset/Not engaged/Looking Away/0222.jpg,0.0,Active!!,Confused,0.5,Not Engaged
252,../input/studentengagement/Student-engagement-dataset/Not engaged/Looking Away/0265.jpg,0.0,Active!!,Bored,0.0,Not Engaged
253,../input/studentengagement/Student-engagement-dataset/Not engaged/Looking Away/0037.jpg,0.0,Active!!,Confused,0.5,Not Engaged
254,../input/studentengagement/Student-engagement-dataset/Not engaged/Looking Away/0183.jpg,0.0,Active!!,Confused,0.5,Not Engaged
255,../input/studentengagement/Student-engagement-dataset/Not engaged/Looking Away/0294.jpg,1.0,Active!!,Confused,0.65,Engaged
256,../input/studentengagement/Student-engagement-dataset/Not engaged/Looking Away/0130.jpg,0.0,Active!!,Confused,0.5,Not Engaged
257,../input/studentengagement/Student-engagement-dataset/Not engaged/Looking Away/0461.jpg,0.0,Active!!,Confused,0.5,Not Engaged
258,../input/studentengagement/Student-engagement-dataset/Not engaged/Looking Away/0393.jpg,0.0,Active!!,Engaged,0.85,Engaged
259,../input/studentengagement/Student-engagement-dataset/Not engaged/Looking Away/0373.jpg,,Active!!,Confused,0.5,Not Engaged
260,../input/studentengagement/Student-engagement-dataset/Not engaged/Looking Away/0251.jpg,0.0,Active!!,Confused,0.5,Not Engaged
261,../input/studentengagement/Student-engagement-dataset/Not engaged/Looking Away/0104.jpg,0.0,Active!!,Confused,0.5,Not Engaged
262,../input/studentengagement/Student-engagement-dataset/Not engaged/Looking Away/0346.jpg,0.0,Active!!,Confused,0.5,Not Engaged
263,../input/studentengagement/Student-engagement-dataset/Not engaged/Looking Away/0194.jpg,0.0,Active!!,Confused,0.5,Not Engaged
264,../input/studentengagement/Student-engagement-dataset/Not engaged/Looking Away/0224.jpg,0.0,Active!!,Confused,0.5,Not Engaged
265,../input/studentengagement/Student-engagement-dataset/Not engaged/Looking Away/0249.jpg,0.0,Active!!,Confused,0.5,Not Engaged
266,../input/studentengagement/Student-engagement-dataset/Not engaged/Looking Away/0293.jpg,0.0,Active!!,Confused,0.5,Not Engaged
267,../input/studentengagement/Student-engagement-dataset/Not engaged/Looking Away/0446.jpg,0.0,Active!!,Confused,0.5,Not Engaged
268,../input/studentengagement/Student-engagement-dataset/Not engaged/Looking Away/0270.jpg,0.0,Active!!,Confused,0.5,Not Engaged
269,../input/studentengagement/Student-engagement-dataset/Not engaged/Looking Away/0173.jpg,0.0,Active!!,Bored,0.0,Not Engaged
270,../input/studentengagement/Student-engagement-dataset/Not engaged/Looking Away/0109.jpg,0.0,Active!!,Confused,0.5,Not Engaged
271,../input/studentengagement/Student-engagement-dataset/Not engaged/Looking Away/0368.jpg,,Active!!,Bored,0.0,Not Engaged
272,../input/studentengagement/Student-engagement-dataset/Not engaged/Looking Away/0388.jpg,,Active!!,Bored,0.0,Not Engaged
273,../input/studentengagement/Student-engagement-dataset/Not engaged/Looking Away/0050.jpg,0.0,Active!!,Frustrated,0.25,Not Engaged
274,../input/studentengagement/Student-engagement-dataset/Not engaged/Looking Away/0392.jpg,0.0,Active!!,Engaged,0.85,Engaged
275,../input/studentengagement/Student-engagement-dataset/Not engaged/Looking Away/0099.jpg,0.0,Active!!,Confused,0.5,Not Engaged
276,../input/studentengagement/Student-engagement-dataset/Not engaged/Looking Away/0472.jpg,0.0,Active!!,Confused,0.5,Not Engaged
277,../input/studentengagement/Student-engagement-dataset/Not engaged/Looking Away/0417.jpg,0.0,Active!!,Confused,0.5,Not Engaged
278,../input/studentengagement/Student-engagement-dataset/Not engaged/Looking Away/0459.jpg,0.0,Active!!,Confused,0.5,Not Engaged
279,../input/studentengagement/Student-engagement-dataset/Not engaged/Looking Away/0449.jpg,0.0,Active!!,Confused,0.5,Not Engaged
280,../input/studentengagement/Student-engagement-dataset/Not engaged/Looking Away/0394.jpg,0.0,Active!!,Engaged,0.85,Engaged
281,../input/studentengagement/Student-engagement-dataset/Not engaged/Looking Away/0035.jpg,0.0,Active!!,Bored,0.0,Not Engaged
282,../input/studentengagement/Student-engagement-dataset/Not engaged/Looking Away/0112.jpg,0.0,Active!!,Confused,0.5,Not Engaged
283,../input/studentengagement/Student-engagement-dataset/Not engaged/Looking Away/0397.jpg,0.0,Active!!,Frustrated,0.25,Not Engaged
284,../input/studentengagement/Student-engagement-dataset/Not engaged/Looking Away/0419.jpg,0.0,Active!!,Confused,0.5,Not Engaged
285,../input/studentengagement/Student-engagement-dataset/Not engaged/Looking Away/0287.jpg,0.0,Active!!,Bored,0.0,Not Engaged
286,../input/studentengagement/Student-engagement-dataset/Not engaged/Looking Away/0071.jpg,0.0,Active!!,Confused,0.5,Not Engaged
287,../input/studentengagement/Student-engagement-dataset/Not engaged/Looking Away/0118.jpg,0.0,Active!!,Confused,0.5,Not Engaged
288,../input/studentengagement/Student-engagement-dataset/Not engaged/Looking Away/0244.jpg,0.0,Active!!,Confused,0.5,Not Engaged
289,../input/studentengagement/Student-engagement-dataset/Not engaged/Looking Away/0361.jpg,0.0,Active!!,Bored,0.0,Not Engaged
290,../input/studentengagement/Student-engagement-dataset/Not engaged/Looking Away/0253.jpg,0.0,Active!!,Confused,0.5,Not Engaged
291,../input/studentengagement/Student-engagement-dataset/Not engaged/Looking Away/0414.jpg,0.0,Active!!,Confused,0.5,Not Engaged
292,../input/studentengagement/Student-engagement-dataset/Not engaged/Looking Away/0241.jpg,0.0,Active!!,Confused,0.5,Not Engaged
293,../input/studentengagement/Student-engagement-dataset/Not engaged/Looking Away/0087.jpg,0.0,Active!!,Confused,0.5,Not Engaged
294,../input/studentengagement/Student-engagement-dataset/Not engaged/Looking Away/0205.jpg,0.0,Active!!,Confused,0.5,Not Engaged
295,../input/studentengagement/Student-engagement-dataset/Not engaged/Looking Away/0230.jpg,0.0,Active!!,Confused,0.5,Not Engaged
296,../input/studentengagement/Student-engagement-dataset/Not engaged/Looking Away/0198.jpg,0.0,Active!!,Confused,0.5,Not Engaged
297,../input/studentengagement/Student-engagement-dataset/Not engaged/Looking Away/0411.jpg,0.0,Active!!,Confused,0.5,Not Engaged
298,../input/studentengagement/Student-engagement-dataset/Not engaged/Looking Away/0220.jpg,0.0,Active!!,Confused,0.5,Not Engaged
299,../input/studentengagement/Student-engagement-dataset/Not engaged/Looking Away/0215.jpg,0.0,Active!!,Confused,0.5,Not Engaged
300,../input/studentengagement/Student-engagement-dataset/Not engaged/Looking Away/0481.jpg,0.0,Active!!,Frustrated,0.25,Not Engaged
301,../input/studentengagement/Student-engagement-dataset/Not engaged/Looking Away/0100.jpg,0.0,Active!!,Confused,0.5,Not Engaged
302,../input/studentengagement/Student-engagement-dataset/Not engaged/Looking Away/0012.jpg,0.0,Active!!,Confused,0.5,Not Engaged
303,../input/studentengagement/Student-engagement-dataset/Not engaged/Looking Away/0060.jpg,0.0,Active!!,Frustrated,0.25,Not Engaged
304,../input/studentengagement/Student-engagement-dataset/Not engaged/Looking Away/0045.jpg,0.0,Active!!,Bored,0.0,Not Engaged
305,../input/studentengagement/Student-engagement-dataset/Not engaged/Looking Away/0199.jpg,0.0,Active!!,Confused,0.5,Not Engaged
306,../input/studentengagement/Student-engagement-dataset/Not engaged/Looking Away/0069.jpg,0.0,Active!!,Bored,0.0,Not Engaged
307,../input/studentengagement/Student-engagement-dataset/Not engaged/Looking Away/0054.jpg,0.0,Active!!,Confused,0.5,Not Engaged
308,../input/studentengagement/Student-engagement-dataset/Not engaged/Looking Away/0276.jpg,0.0,Active!!,Engaged,0.85,Engaged
309,../input/studentengagement/Student-engagement-dataset/Not engaged/Looking Away/0256.jpg,0.0,Active!!,Confused,0.5,Not Engaged
310,../input/studentengagement/Student-engagement-dataset/Not engaged/Looking Away/0218.jpg,0.0,Active!!,Confused,0.5,Not Engaged
311,../input/studentengagement/Student-engagement-dataset/Not engaged/Looking Away/0033.jpg,0.0,Active!!,Confused,0.5,Not Engaged
312,../input/studentengagement/Student-engagement-dataset/Not engaged/Looking Away/0340.jpg,0.0,Active!!,Confused,0.5,Not Engaged
313,../input/studentengagement/Student-engagement-dataset/Not engaged/Looking Away/0113.jpg,0.0,Active!!,Confused,0.5,Not Engaged
314,../input/studentengagement/Student-engagement-dataset/Not engaged/Looking Away/0491.jpg,0.0,Active!!,Confused,0.5,Not Engaged
315,../input/studentengagement/Student-engagement-dataset/Not engaged/Looking Away/0004.jpg,0.0,Active!!,Confused,0.5,Not Engaged
316,../input/studentengagement/Student-engagement-dataset/Not engaged/Looking Away/0356.jpg,0.0,Active!!,Engaged,0.85,Engaged
317,../input/studentengagement/Student-engagement-dataset/Not engaged/Looking Away/0127.jpg,0.0,Active!!,Confused,0.5,Not Engaged
318,../input/studentengagement/Student-engagement-dataset/Not engaged/Looking Away/0174.jpg,0.0,Active!!,Confused,0.5,Not Engaged
319,../input/studentengagement/Student-engagement-dataset/Not engaged/Looking Away/0463.jpg,0.0,Active!!,Confused,0.5,Not Engaged
320,../input/studentengagement/Student-engagement-dataset/Not engaged/Looking Away/0034.jpg,0.0,Active!!,Bored,0.0,Not Engaged
321,../input/studentengagement/Student-engagement-dataset/Not engaged/Looking Away/0396.jpg,0.0,Active!!,Engaged,0.85,Engaged
322,../input/studentengagement/Student-engagement-dataset/Not engaged/Looking Away/0257.jpg,0.0,Active!!,Confused,0.5,Not Engaged
323,../input/studentengagement/Student-engagement-dataset/Not engaged/Looking Away/0072.jpg,0.0,Active!!,Confused,0.5,Not Engaged
324,../input/studentengagement/Student-engagement-dataset/Not engaged/Looking Away/0066.jpg,0.0,Active!!,Confused,0.5,Not Engaged
325,../input/studentengagement/Student-engagement-dataset/Not engaged/Looking Away/0267.jpg,0.0,Active!!,Bored,0.0,Not Engaged
326,../input/studentengagement/Student-engagement-dataset/Not engaged/Looking Away/0359.jpg,0.0,Active!!,Bored,0.0,Not Engaged
327,../input/studentengagement/Student-engagement-dataset/Not engaged/Looking Away/0384.jpg,,Active!!,Bored,0.0,Not Engaged
328,../input/studentengagement/Student-engagement-dataset/Not engaged/Looking Away/0365.jpg,0.0,Active!!,Bored,0.0,Not Engaged
329,../input/studentengagement/Student-engagement-dataset/Not engaged/Looking Away/0211.jpg,0.0,Active!!,Confused,0.5,Not Engaged
330,../input/studentengagement/Student-engagement-dataset/Not engaged/Looking Away/0462.jpg,0.0,Active!!,Confused,0.5,Not Engaged
331,../input/studentengagement/Student-engagement-dataset/Not engaged/Looking Away/0428.jpg,0.0,Active!!,Confused,0.5,Not Engaged
332,../input/studentengagement/Student-engagement-dataset/Not engaged/Looking Away/0445.jpg,0.0,Active!!,Confused,0.5,Not Engaged
333,../input/studentengagement/Student-engagement-dataset/Not engaged/Looking Away/0482.jpg,0.0,Active!!,Frustrated,0.25,Not Engaged
334,../input/studentengagement/Student-engagement-dataset/Not engaged/Looking Away/0418.jpg,0.0,Active!!,Confused,0.5,Not Engaged
335,../input/studentengagement/Student-engagement-dataset/Not engaged/Looking Away/0030.jpg,0.0,Active!!,Confused,0.5,Not Engaged
336,../input/studentengagement/Student-engagement-dataset/Not engaged/Looking Away/0189.jpg,0.0,Active!!,Confused,0.5,Not Engaged
337,../input/studentengagement/Student-engagement-dataset/Not engaged/Looking Away/0085.jpg,0.0,Active!!,Confused,0.5,Not Engaged
338,../input/studentengagement/Student-engagement-dataset/Not engaged/Looking Away/0123.jpg,0.0,Active!!,Confused,0.5,Not Engaged
339,../input/studentengagement/Student-engagement-dataset/Not engaged/Looking Away/0488.jpg,0.0,Active!!,Confused,0.5,Not Engaged
340,../input/studentengagement/Student-engagement-dataset/Not engaged/Looking Away/0385.jpg,,Active!!,Bored,0.0,Not Engaged
341,../input/studentengagement/Student-engagement-dataset/Not engaged/Looking Away/0051.jpg,0.0,Active!!,Confused,0.5,Not Engaged
342,../input/studentengagement/Student-engagement-dataset/Not engaged/Looking Away/0360.jpg,0.0,Active!!,Bored,0.0,Not Engaged
343,../input/studentengagement/Student-engagement-dataset/Not engaged/Looking Away/0336.jpg,0.0,Active!!,Confused,0.5,Not Engaged
344,../input/studentengagement/Student-engagement-dataset/Not engaged/Looking Away/0427.jpg,0.0,Active!!,Confused,0.5,Not Engaged
345,../input/studentengagement/Student-engagement-dataset/Not engaged/Looking Away/0090.jpg,0.0,Active!!,Confused,0.5,Not Engaged
346,../input/studentengagement/Student-engagement-dataset/Not engaged/Looking Away/0283.jpg,0.0,Active!!,Bored,0.0,Not Engaged
347,../input/studentengagement/Student-engagement-dataset/Not engaged/Looking Away/0231.jpg,0.0,Active!!,Confused,0.5,Not Engaged
348,../input/studentengagement/Student-engagement-dataset/Not engaged/Looking Away/0420.jpg,0.0,Active!!,Confused,0.5,Not Engaged
349,../input/studentengagement/Student-engagement-dataset/Not engaged/Looking Away/0138.jpg,0.0,Active!!,Confused,0.5,Not Engaged
350,../input/studentengagement/Student-engagement-dataset/Not engaged/Looking Away/0464.jpg,0.0,Active!!,Confused,0.5,Not Engaged
351,../input/studentengagement/Student-engagement-dataset/Not engaged/Looking Away/0343.jpg,0.0,Active!!,Confused,0.5,Not Engaged
352,../input/studentengagement/Student-engagement-dataset/Not engaged/Looking Away/0453.jpg,0.0,Active!!,Confused,0.5,Not Engaged
353,../input/studentengagement/Student-engagement-dataset/Not engaged/Looking Away/0212.jpg,0.0,Active!!,Confused,0.5,Not Engaged
354,../input/studentengagement/Student-engagement-dataset/Not engaged/Looking Away/0286.jpg,0.0,Active!!,Confused,0.5,Not Engaged
355,../input/studentengagement/Student-engagement-dataset/Not engaged/Looking Away/0399.jpg,0.0,Active!!,Confused,0.5,Not Engaged
356,../input/studentengagement/Student-engagement-dataset/Not engaged/Looking Away/0248.jpg,0.0,Active!!,Confused,0.5,Not Engaged
357,../input/studentengagement/Student-engagement-dataset/Not engaged/Looking Away/0342.jpg,0.0,Active!!,Confused,0.5,Not Engaged
358,../input/studentengagement/Student-engagement-dataset/Not engaged/Looking Away/0016.jpg,0.0,Active!!,Confused,0.5,Not Engaged
359,../input/studentengagement/Student-engagement-dataset/Not engaged/Looking Away/0225.jpg,0.0,Active!!,Confused,0.5,Not Engaged
360,../input/studentengagement/Student-engagement-dataset/Not engaged/Looking Away/0084.jpg,0.0,Active!!,Confused,0.5,Not Engaged
361,../input/studentengagement/Student-engagement-dataset/Not engaged/Looking Away/0374.jpg,,Active!!,Confused,0.5,Not Engaged
362,../input/studentengagement/Student-engagement-dataset/Not engaged/Looking Away/0401.jpg,0.0,Active!!,Confused,0.5,Not Engaged
363,../input/studentengagement/Student-engagement-dataset/Not engaged/Looking Away/0124.jpg,0.0,Active!!,Confused,0.5,Not Engaged
364,../input/studentengagement/Student-engagement-dataset/Not engaged/Looking Away/0229.jpg,0.0,Active!!,Confused,0.5,Not Engaged
365,../input/studentengagement/Student-engagement-dataset/Not engaged/Looking Away/0190.jpg,0.0,Active!!,Confused,0.5,Not Engaged
366,../input/studentengagement/Student-engagement-dataset/Not engaged/Looking Away/0223.jpg,0.0,Active!!,Confused,0.5,Not Engaged
367,../input/studentengagement/Student-engagement-dataset/Not engaged/Looking Away/0358.jpg,0.0,Active!!,Bored,0.0,Not Engaged
368,../input/studentengagement/Student-engagement-dataset/Not engaged/Looking Away/0382.jpg,,Active!!,Confused,0.5,Not Engaged
369,../input/studentengagement/Student-engagement-dataset/Not engaged/Looking Away/0197.jpg,0.0,Active!!,Confused,0.5,Not Engaged
370,../input/studentengagement/Student-engagement-dataset/Not engaged/Looking Away/0487.jpg,0.0,Active!!,Confused,0.5,Not Engaged
371,../input/studentengagement/Student-engagement-dataset/Not engaged/Looking Away/0467.jpg,0.0,Active!!,Confused,0.5,Not Engaged
372,../input/studentengagement/Student-engagement-dataset/Not engaged/Looking Away/0038.jpg,0.0,Active!!,Bored,0.0,Not Engaged
373,../input/studentengagement/Student-engagement-dataset/Not engaged/Looking Away/0344.jpg,0.0,Active!!,Confused,0.5,Not Engaged
374,../input/studentengagement/Student-engagement-dataset/Not engaged/Looking Away/0122.jpg,0.0,Active!!,Confused,0.5,Not Engaged
375,../input/studentengagement/Student-engagement-dataset/Not engaged/Looking Away/0339.jpg,0.0,Active!!,Confused,0.5,Not Engaged
376,../input/studentengagement/Student-engagement-dataset/Not engaged/Looking Away/0263.jpg,0.0,Active!!,Confused,0.5,Not Engaged
377,../input/studentengagement/Student-engagement-dataset/Not engaged/Looking Away/0275.jpg,0.0,Active!!,Bored,0.0,Not Engaged
378,../input/studentengagement/Student-engagement-dataset/Not engaged/Looking Away/0389.jpg,0.0,Active!!,Bored,0.0,Not Engaged
379,../input/studentengagement/Student-engagement-dataset/Not engaged/Looking Away/0007.jpg,0.0,Active!!,Confused,0.5,Not Engaged
380,../input/studentengagement/Student-engagement-dataset/Not engaged/Looking Away/0180.jpg,0.0,Active!!,Confused,0.5,Not Engaged
381,../input/studentengagement/Student-engagement-dataset/Not engaged/Looking Away/0437.jpg,0.0,Active!!,Confused,0.5,Not Engaged
382,../input/studentengagement/Student-engagement-dataset/Not engaged/Looking Away/0288.jpg,0.0,Active!!,Confused,0.5,Not Engaged
383,../input/studentengagement/Student-engagement-dataset/Not engaged/Looking Away/0036.jpg,0.0,Active!!,Confused,0.5,Not Engaged
384,../input/studentengagement/Student-engagement-dataset/Not engaged/Looking Away/0129.jpg,0.0,Active!!,Confused,0.5,Not Engaged
385,../input/studentengagement/Student-engagement-dataset/Not engaged/Looking Away/0039.jpg,0.0,Active!!,Bored,0.0,Not Engaged
386,../input/studentengagement/Student-engagement-dataset/Not engaged/Looking Away/0108.jpg,0.0,Active!!,Confused,0.5,Not Engaged
387,../input/studentengagement/Student-engagement-dataset/Not engaged/Looking Away/0236.jpg,0.0,Active!!,Confused,0.5,Not Engaged
388,../input/studentengagement/Student-engagement-dataset/Not engaged/Looking Away/0378.jpg,,Active!!,Confused,0.5,Not Engaged
389,../input/studentengagement/Student-engagement-dataset/Not engaged/Looking Away/0291.jpg,0.0,Active!!,Confused,0.5,Not Engaged
390,../input/studentengagement/Student-engagement-dataset/Not engaged/Looking Away/0234.jpg,0.0,Active!!,Confused,0.5,Not Engaged
391,../input/studentengagement/Student-engagement-dataset/Not engaged/Looking Away/0408.jpg,0.0,Active!!,Bored,0.0,Not Engaged
392,../input/studentengagement/Student-engagement-dataset/Not engaged/Looking Away/0400.jpg,0.0,Active!!,Engaged,0.85,Engaged
393,../input/studentengagement/Student-engagement-dataset/Not engaged/Looking Away/0406.jpg,0.0,Active!!,Bored,0.0,Not Engaged
394,../input/studentengagement/Student-engagement-dataset/Not engaged/Looking Away/0412.jpg,0.0,Active!!,Confused,0.5,Not Engaged
395,../input/studentengagement/Student-engagement-dataset/Not engaged/Looking Away/0425.jpg,0.0,Active!!,Confused,0.5,Not Engaged
396,../input/studentengagement/Student-engagement-dataset/Not engaged/Looking Away/0274.jpg,0.0,Active!!,Bored,0.0,Not Engaged
397,../input/studentengagement/Student-engagement-dataset/Not engaged/Looking Away/0335.jpg,0.0,Active!!,Confused,0.5,Not Engaged
398,../input/studentengagement/Student-engagement-dataset/Not engaged/Looking Away/0281.jpg,0.0,Active!!,Bored,0.0,Not Engaged
399,../input/studentengagement/Student-engagement-dataset/Not engaged/Looking Away/0206.jpg,0.0,Active!!,Confused,0.5,Not Engaged
400,../input/studentengagement/Student-engagement-dataset/Not engaged/Looking Away/0284.jpg,0.0,Active!!,Confused,0.5,Not Engaged
401,../input/studentengagement/Student-engagement-dataset/Not engaged/Looking Away/0101.jpg,0.0,Active!!,Confused,0.5,Not Engaged
402,../input/studentengagement/Student-engagement-dataset/Not engaged/Looking Away/0245.jpg,0.0,Active!!,Confused,0.5,Not Engaged
403,../input/studentengagement/Student-engagement-dataset/Not engaged/Looking Away/0469.jpg,0.0,Active!!,Confused,0.5,Not Engaged
404,../input/studentengagement/Student-engagement-dataset/Not engaged/Looking Away/0210.jpg,0.0,Active!!,Confused,0.5,Not Engaged
405,../input/studentengagement/Student-engagement-dataset/Not engaged/Looking Away/0483.jpg,0.0,Active!!,Confused,0.5,Not Engaged
406,../input/studentengagement/Student-engagement-dataset/Not engaged/Looking Away/0239.jpg,0.0,Active!!,Confused,0.5,Not Engaged
407,../input/studentengagement/Student-engagement-dataset/Not engaged/Looking Away/0448.jpg,0.0,Active!!,Confused,0.5,Not Engaged
408,../input/studentengagement/Student-engagement-dataset/Not engaged/Looking Away/0186.jpg,0.0,Active!!,Confused,0.5,Not Engaged
409,../input/studentengagement/Student-engagement-dataset/Not engaged/Looking Away/0202.jpg,0.0,Active!!,Confused,0.5,Not Engaged
410,../input/studentengagement/Student-engagement-dataset/Not engaged/Looking Away/0272.jpg,0.0,Active!!,Bored,0.0,Not Engaged
411,../input/studentengagement/Student-engagement-dataset/Not engaged/Looking Away/0024.jpg,0.0,Active!!,Confused,0.5,Not Engaged
412,../input/studentengagement/Student-engagement-dataset/Not engaged/Looking Away/0115.jpg,0.0,Active!!,Confused,0.5,Not Engaged
413,../input/studentengagement/Student-engagement-dataset/Not engaged/Looking Away/0086.jpg,0.0,Active!!,Confused,0.5,Not Engaged
414,../input/studentengagement/Student-engagement-dataset/Not engaged/Looking Away/0357.jpg,0.0,Active!!,Bored,0.0,Not Engaged
415,../input/studentengagement/Student-engagement-dataset/Not engaged/Looking Away/0170.jpg,1.0,Active!!,Confused,0.65,Engaged
416,../input/studentengagement/Student-engagement-dataset/Not engaged/Looking Away/0200.jpg,0.0,Active!!,Confused,0.5,Not Engaged
417,../input/studentengagement/Student-engagement-dataset/Not engaged/Looking Away/0371.jpg,,Active!!,Bored,0.0,Not Engaged
418,../input/studentengagement/Student-engagement-dataset/Not engaged/Looking Away/0443.jpg,0.0,Active!!,Confused,0.5,Not Engaged
419,../input/studentengagement/Student-engagement-dataset/Not engaged/Looking Away/0001.jpg,1.0,Active!!,Confused,0.65,Engaged
420,../input/studentengagement/Student-engagement-dataset/Not engaged/Looking Away/0176.jpg,0.0,Active!!,Confused,0.5,Not Engaged
421,../input/studentengagement/Student-engagement-dataset/Not engaged/Looking Away/0391.jpg,0.0,Active!!,Bored,0.0,Not Engaged
422,../input/studentengagement/Student-engagement-dataset/Not engaged/Looking Away/0269.jpg,0.0,Active!!,Confused,0.5,Not Engaged
